objid,ra,dec,size,color
1237651494678495245,112.553015206092,33.8773005118866,10.30824,0.6117029
1237651494678495251,112.554271448717,33.877260286847,9.572809,0.5555286
1237664972285870293,232.659627093846,24.1321130030505,11.07937,0.6919708
1237661957218828458,193.655904832215,51.0360884245887,7.806363,1.720053
1237664972285870331,232.553728794124,24.1464356726139,7.359538,1.607264
1237664972285870346,232.62750234379,24.2384738168838,11.30682,2.302958
1237664972285870348,232.627047609501,24.2397282969223,7.359538,0.939539
1237651494678495459,112.528341411093,34.0234545211126,27.92278,1.487049
1237654187634196917,172.646365790643,-0.996091295456516,18.01865,1.617815
1237654187634196922,172.651734748543,-1.14598873148117,7.358911,1.70512
1237654187634196930,172.671428368809,-1.09295406801107,6.975015,1.856455
1237657584942449042,22.5173252311495,-1.01635109016616,7.359112,-0.252285
1237661957218828618,193.61836311282,51.1202538462231,11.30618,3.617416
1237661957218828627,193.606700090486,51.0254268845879,7.359121,0.5516911
1237656850502713645,343.442756646963,-0.920318267313171,7.358536,1.282228
1237663228529738243,245.709881489711,75.5136918558358,7.358841,0.4776173
1237645876861272653,336.471306862654,-1.02882979700045,7.35686,1.630674
1237650004324844289,326.085200172045,-1.20376493127618,18.02406,0.5018387
1237650004324844290,326.087495641662,-1.16956031216844,7.36112,1.140636
1237657584942449363,22.4320284684891,-0.869971508588569,11.30616,1.435612
1237680263996113662,350.356807760913,-7.02460873765984,68.29343,0.287693
1237680263996113663,350.356933729306,-7.0481292498145,11.3041,1.482185
1237661957218829060,193.713901584701,51.067517908925,7.359121,1.723059
1237671930132890402,158.448654293642,7.98351390424474,18.01542,1.126234
1237679433440821457,351.114963028095,-3.55005639808538,7.360523,1.4324
1237679433440821464,351.138272476444,-3.50932549919734,166.5504,0.7904816
1237663228529803590,246.224809948612,75.6147116677267,5.584293,0.6640778
1237662695954514724,216.619819661716,31.8833898282762,7.358984,1.130392
1237662695954514728,216.660276735656,31.9750606168528,27.92091,2.420729
1237662695954514732,216.616606156393,31.8573533132991,18.01883,1.996328
1237654187634327574,172.89100064981,-1.01094654036183,5.488666,1.562124
1237669516361270447,344.254143166926,5.93294876839298,43.76435,0.3004742
1237654187634327601,172.964968980907,-0.945448382922311,43.77254,1.948462
1237661351628505415,164.683082023866,54.5836768958529,7.35933,1.978556
1237662695954514920,216.535486582177,31.884643224628,7.358984,1.373627
1237662695954514923,216.67662075128,31.9378894491327,43.76844,1.726171
1237656850502778986,343.674586020788,-0.9175859800917,7.358258,2.689978
1237661957218894083,194.013451608245,51.0528771969855,6.153171,0.4632282
1237661957218894099,194.067247604238,51.0869600977941,27.92252,0.6443214
1237660750333019749,66.2230999097443,22.7370113679231,7.359955,0.9285583
1237660750333019751,66.2953765678062,22.7376262043396,18.02121,1.94449
1237660750333019755,66.3500968345586,22.7422599733397,7.359955,0.3843441
1237664972286001205,232.931107043628,24.0719793476846,6.576331,0.7465763
1237671066844464711,22.2741107291041,38.1823906857044,7.359258,3.240557
1237671066844464717,22.2195878279724,38.2575190465618,18.0195,0.9038773
1237666209236976134,250.03113549768,28.5673761723867,11.88001,1.064013
1237666209236976138,250.029571499785,28.5640536756107,68.30749,1.972404
1237666209236976142,250.042075440631,28.602678384103,43.77022,0.6523037
1237652929198556223,309.082425134806,-6.76255177395883,6.878026,0.7897682
1237659234211530140,254.063487866202,-0.971489295768274,18.01754,0.8808975
1237666300525085385,340.673053153758,-0.0760837312629073,7.358091,1.719746
1237661957218894462,194.033439051278,51.0101722739717,7.359409,0.4231319
1237669516361335607,344.530270945845,5.83238476599897,7.358622,0.6567001
1237666492704359329,327.773340650075,-0.855354466347306,11.30326,2.107641
1237661351628570861,164.994814552037,54.6292103454343,5.653147,0.6853237
1237661351628570867,165.015329902181,54.6668422565221,5.276098,0.2842045
1237656850502779827,343.576466991376,-1.01483079915642,43.76412,-0.2058067
1237662695954580389,216.65317342796,31.8381665927995,11.30483,1.412865
1237671930133020687,158.721797930183,8.0644435330968,7.944672,1.310861
1237671930133020693,158.721914219851,8.05930210722161,17.01446,1.293298
1237671930133020694,158.721808777554,8.06922649536216,9.297348,7.436531
1237671930133020698,158.715142604575,8.06393663396508,5.832819,5.010929
1237671930133020701,158.765228391617,8.0599449305593,27.92195,7.715944
1237661351628571213,164.959926710915,54.6369292343892,7.357207,1.299126
1237661351628571216,164.910200320158,54.7394241252739,7.357207,1.338728
1237666300525150774,340.707745323009,-0.193907387123963,11.30326,1.017149
1237678578742330498,329.207441396544,19.5676251626698,5.581076,0.6435814
1237658222745355564,82.9763558266941,0.676136876592257,11.30409,1.524075
1237662695954645654,216.976691654253,31.7789849390533,7.357577,0.2212543
1237666492704424773,327.922737128306,-0.84221150639281,7.360176,1.026281
1237679433441083521,351.639191807698,-3.50138770522937,258.4184,1.223166
1237680263996309861,350.811173798367,-6.89987889959532,11.30795,1.315351
1237680263996309863,350.807446553082,-7.04624856564313,7.360272,0.7470989
1237662695954646059,216.989806033898,31.9468733081136,7.357577,1.192202
1237662695954646063,216.91393445647,31.7516862436859,7.357577,2.599205
1237668330950951334,212.511574098633,14.6934525695733,6.06432,1.907719
1237661351628701902,165.518621657017,54.7967935034167,7.357635,0.5307541
1237661351628701913,165.550973229279,54.8041212553298,27.91579,0.5796261
1237661351628701917,165.590820129638,54.7660144438946,5.353238,0.2740993
1237673708786287466,121.24637873164,-9.05487377264431,5.599234,0.7957172
1237678845030302930,314.303416687034,5.2140882199555,7.772425,0.8769398
1237666209237106940,250.403373280316,28.5458311294831,6.187121,0.7994995
1237666209237106952,250.415077469145,28.5683044474953,5.941971,1.68446
1237655549129392747,238.988639651305,-0.972734778315768,9.030203,0.4872875
1237671066844594594,22.3574339793714,38.5010712521147,5.007231,0.8796024
1237663889954373814,20.9522255633368,-1.20297047571385,5.993117,1.389296
1237663889954373958,20.8613039758381,-1.05540273812102,7.357864,1.425318
1237663889954373963,20.8665459104728,-1.20035419099553,7.357864,0.6023083
1237663889954373977,20.8728052403051,-1.24974129441891,7.357864,1.082878
1237656850502975785,344.016322018909,-0.988186892286415,11.30383,2.740377
1237679433441149218,351.86459790844,-3.64351549213102,5.748945,0.3036709
1237664972286198160,233.372366406959,23.8271910909877,7.357468,1.588079
1237664972286198165,233.35863661666,23.797241636859,7.113287,1.302525
1237679433441149226,351.894397346269,-3.53527415243126,9.031922,0.5205898
1237661957219025784,194.514480636591,50.9742617488239,7.36001,1.291059
1237680263996375637,350.990363277447,-6.86380536469414,7.359055,1.35515
1237680263996375643,350.992334264162,-6.89440356457885,7.359055,1.635315
1237680263996375647,350.993107936498,-6.98868045101213,7.359055,0.7005882
1237680263996375648,350.990975863665,-7.06852370762368,7.359055,1.551737
1237680263996375655,350.998260847654,-6.97655457523737,11.30608,1.31822
1237678845030303655,314.200490624998,5.1578790534657,7.357644,2.33083
1237654187634786561,173.98804239214,-1.11721026384649,7.359676,1.842236
1237654187634786571,173.997315327008,-1.06986727056946,11.30703,1.606407
1237654187634786581,174.009031499818,-1.00562265680806,7.359676,1.209969
1237645876861535175,337.042568196431,-0.872136943312463,11.30054,0.327034
1237645876861535179,337.050756384097,-0.852140287224514,7.355452,1.195566
1237645876861535181,337.056971280361,-0.950513356706125,43.74744,1.128647
1237645876861535185,337.064494087464,-0.902469421745022,43.74744,1.402124
1237645876861535187,337.069754409753,-1.00858946425844,11.30054,0.3022633
1237680263996440597,351.112632856541,-6.96214629884385,6.597623,0.8554211
1237663889954439195,21.0585478907955,-1.25544200417744,6.356339,0.7869968
1237662305648247491,202.278979530363,40.4575539253604,7.359369,0.207552
1237661351628767534,165.62147856681,54.8656904281925,7.356921,-0.04730034
1237657584942776784,23.2731457402281,-0.901798480999126,6.767002,0.6514072
1237657584942776787,23.2746491544273,-0.885051847762276,7.35891,0.2324543
1237661351628767674,165.81573181655,54.7994282237516,7.356921,0.8656158
1237661351628767679,165.826028515666,54.7780308974088,7.356921,2.92478
1237664972286263565,233.489407567388,23.8735396352722,11.3072,0.2560596
1237664972286263574,233.481102910424,23.8238423450259,7.359788,3.575373
1237661351628767687,165.812694583186,54.8336153749788,5.319053,0.8277588
1237654187634917472,174.352873688358,-0.96381538799426,7.840778,0.6110058
1237662695954776693,217.233036371022,31.7041269351363,7.358522,1.106798
1237662695954776698,217.228560642608,31.6909381815696,18.0177,0.5500851
1237663480321673224,308.506427078444,0.874539533407324,5.448946,1.958321
1237663889954439613,21.0523259426988,-1.08257352132648,7.358235,1.724297
1237671930133152713,159.114851256206,8.13868784942842,7.359143,1.333952
1237663228530066153,248.42073323754,75.8404496344607,7.358832,2.82062
1237650004325106633,326.643209612887,-1.17029442010257,7.359525,0.8269825
1237650004325106642,326.653201840704,-1.175542073281,7.359525,1.679256
1237650004325106646,326.655048962196,-1.25818913361898,27.92296,-1.316847
1237665427552731154,194.348023140412,28.8033504021533,5.935683,1.214046
1237668330951082407,212.752334089882,14.6000882221298,6.171737,0.4492493
1237668330951082424,212.766223563203,14.6290586561964,5.101109,0.6490192
1237655549129458431,239.115804848476,-0.954969378591449,7.357682,0.5790501
1237663228530066351,247.899749099613,75.8883093539267,11.30574,-1.961689
1237663228530066360,248.03900801783,75.8394219042721,7.358832,0.4062233
1237650004324843659,326.108834865257,-1.17138905445627,27.92901,-0.01736069
1237674893660323927,304.153260096802,29.6737385378003,11.30557,2.40114
1237654866228281484,118.442326692035,-1.86385317841544,27.92255,0.09477997
1237663889954111885,20.2982750281708,-1.09965512536498,18.01926,0.6383152
1237680263996113449,350.452664568675,-7.02020494272385,7.357767,0.8908195
1237680263996113453,350.453909601528,-6.99706444231551,11.3041,0.1222572
1237660191987597570,310.383304613897,-1.14968388105526,7.358652,3.851027
1237680263996113645,350.337019344712,-6.87296740534325,11.3041,0.05966377
1237680263996113647,350.338719710488,-6.87931799375483,7.357767,1.529455
1237680263996113649,350.345619185154,-6.95883522080045,11.3041,1.633339
1237680263996113657,350.356978181333,-6.87410396442769,7.357767,2.58217
1237645876861272673,336.487777665032,-1.03310760795954,7.35686,2.078932
1237645876861272691,336.499961921393,-1.01255015995533,7.35686,0.7241688
1237671930132890217,158.503534425361,8.02261120852931,11.30383,0.5886288
1237671930132890233,158.509533151756,8.01328297751122,18.01542,0.7968922
1237654187634262297,172.855689314576,-1.13247484428351,8.462419,2.902603
1237654187634262303,172.872974416765,-1.04325459607595,11.16742,0.6167431
1237654187634262309,172.872979128222,-1.10962878714047,11.30743,-0.3517952
1237654187634262310,172.874988422269,-1.05755326208214,68.31355,1.368113
1237666492704293721,327.595211429023,-1.00214534603894,7.358155,0.7493343
1237666492704293722,327.596746018252,-0.927413000789247,7.358155,1.372871
1237666492704293732,327.603222535133,-0.920682010797298,11.30469,3.978956
1237655549129261889,238.607409136803,-0.986201141566657,7.35934,1.658432
1237665427552404428,193.469484841073,28.8365654533614,11.30813,2.268534
1237652929198555825,309.115469485264,-6.80988600127467,11.30614,11.63037
1237667725360038180,82.7724496117697,9.20922164695966,106.7273,-0.1524563
1237645876861337900,336.664170675682,-0.889320487594694,7.357122,0.9542713
1237654187634327747,172.907792180123,-1.01944760585983,6.04747,0.8815174
1237654187634327753,172.913430755818,-1.05364076927199,5.060995,0.6962013
1237654187634327755,172.913703268679,-1.12172393196552,8.200882,1.605755
1237654187634327756,172.91626781325,-1.11967010064387,8.748487,1.845654
1237658222745290065,82.7649517827957,0.719990858504606,7.360177,0.8944702
1237662305648051362,201.550427562228,40.4504723662637,43.77018,1.094675
1237666300525085150,340.661171774488,-0.082652860705027,6.751847,1.445028
1237666300525085163,340.668063247831,-0.0684389041133237,7.358091,0.8904572
1237666492704358687,327.708352176305,-0.976830339559096,6.970062,1.160391
1237669516361334977,344.401954218162,5.93010228102387,11.30541,2.679003
1237668330950820220,212.098467485595,14.7747920988527,7.358715,0.5071259
1237668330950820222,212.09437367676,14.7427746921714,5.623973,1.809296
1237666300525085348,340.647285068247,-0.110029924480682,7.358091,3.26358
1237666300525085351,340.648632467025,-0.114490380640979,7.358091,1.086826
1237662695954579758,216.737638276437,31.9856031083931,7.358246,0.6977234
1237664972286001573,232.887325242007,24.0897893321812,7.360575,1.397797
1237657584942580234,22.7529452272425,-1.03196801959242,7.359328,0.8604984
1237657584942580240,22.7575517834335,-0.978574144309759,7.359328,1.60825
1237657584942580241,22.7581883434124,-0.852634839356442,7.359328,0.707983
1237671930132955950,158.65884058922,7.99735082196386,7.35826,1.305243
1237661351628570756,165.14962049926,54.6560864203374,6.562196,1.208529
1237661351628570757,165.16419944012,54.655892023518,7.729995,0.7650452
1237666492704423982,327.842519250998,-1.00900330945859,18.82403,0.4447336
1237666492704423983,327.838281197268,-1.00564451151876,18.02175,0.7110462
1237680263996244421,350.703417437958,-6.85822005148429,7.360472,0.6403637
1237663228529869683,246.911947307366,75.6231438361138,7.359879,0.4370193
1237663228529869690,246.702238823103,75.7381769165835,7.359879,1.85146
1237663228529869694,246.977404991081,75.6360725282485,11.30734,1.454891
1237679433440952840,351.44416617211,-3.61204538629886,166.5407,1.2481
1237663228529869719,246.303899289929,75.6324130355382,7.359879,1.72673
1237654187634459084,173.293042598817,-1.14497874317145,7.360477,0.2218971
1237654187634459088,173.300071782911,-1.03552832546314,11.30826,-0.0702095
1237654187634459097,173.327979032043,-0.993161049725931,11.30826,5.111221
1237666492704424322,327.878512416936,-0.847220536115599,7.360176,0.4248314
1237657584942645865,22.9365933838232,-0.992911581624677,7.359164,1.962486
1237663889954308147,20.781261015024,-1.23105870176087,11.30448,1.381573
1237666300525151157,340.825690761435,-0.0513724435807688,18.01451,1.556923
1237660750333084962,66.2359718461785,22.8335900450716,7.357801,2.234505
1237662695954645584,216.95849880103,31.8896778058193,7.357577,0.002054214
1237662305648181520,201.978396554694,40.4245774162791,5.442984,1.87332
1237661351628636526,165.179641588739,54.6905516433617,11.30645,0.1884422
1237662695954645764,216.84624173204,31.7818237342352,11.30381,0.6050758
1237662695954645770,216.905071531561,31.9177597049733,7.357577,2.276232
1237662695954645784,216.928473325355,31.9539111761022,7.357577,1.384735
1237666209237041964,250.160145354858,28.5028831284286,106.7374,2.137199
1237666209237041965,250.159793220191,28.5046655521708,106.7374,1.846472
1237650004324975382,326.378359465245,-1.13818856535856,7.360235,1.267508
1237650004324975387,326.382265050292,-1.14411320595008,27.92566,1.067724
1237661957218960356,194.278377668758,50.922120830422,7.359869,2.119251
1237661957218960381,194.082605177034,51.0806322022493,258.4108,0.3153915
1237678845030302504,314.229830730786,5.21409668134064,11.30391,1.146734
1237671066844594181,22.2530819310319,38.448935386348,18.01557,3.806978
1237671066844594186,22.243892516287,38.4489873965421,11.30392,0.6957741
1237662305648182009,202.07920532953,40.4986305821169,7.359213,0.198822
1237671930133086612,158.874778660053,7.9705125006439,11.05084,0.4413624
1237671930133086621,158.88082256056,7.94250457206789,7.359358,1.245773
1237671930133086630,158.879514519103,8.0904306485223,7.359358,0.3422012
1237656850502910612,343.947040951885,-0.94737086263653,18.01135,4.74399
1237661351628702027,165.464315783544,54.7298917052235,11.30389,1.226557
1237661351628702046,165.471955321133,54.762111308905,7.357635,1.156076
1237666492704490007,328.009726496887,-1.02883831701014,7.357579,0.6157074
1237662305648182376,202.079338416805,40.3639934767183,7.359213,1.743071
1237669516361401437,344.649499525531,5.95145579145427,7.358909,1.128603
1237667725360365940,82.82856695318,8.47260660706232,7.358163,1.00662
1237679433441149369,351.89237365211,-3.5044062163537,11.30762,0.5374546
1237679433441149371,351.891849281906,-3.63572758520503,5.018755,0.1815033
1237679433441149378,351.893623893418,-3.67947991962404,7.360061,0.8491611
1237679433441149408,351.759413761322,-3.59439225280092,106.7409,1.205294
1237679433441149410,351.762813734769,-3.52786234758966,166.5399,0.7061176
1237679433441149416,351.769526679403,-3.59744112838662,106.7409,1.879616
1237679433441149417,351.772078807446,-3.512440914775,258.4176,0.7704163
1237667725360431233,82.9170209919828,8.37456933159946,18.31826,0.6159611
1237651494678627224,112.682862912271,34.2498785718384,7.359697,0.5685215
1237667725360431257,82.8932387349102,8.37578110658436,9.173767,1.250553
1237650004325041126,326.577524213606,-1.14197692256927,7.359641,1.400997
1237656850502976106,344.094306483731,-1.02067095341752,7.357592,1.218575
1237660191987664858,310.58593925855,-1.11370666236406,7.359559,1.505472
1237660191987664865,310.589737795777,-1.18321605993532,7.359559,3.475084
1237669516361466032,344.728212688441,5.98113825717284,17.12048,0.9874878
1237669516361466037,344.734357678681,5.97192950880604,18.01849,0.700491
1237671066844595289,22.4358935156141,38.5275631454727,7.357651,0.621088
1237645876861535220,337.169103444381,-0.8887172123255,7.355452,0.6726646
1237645876861535223,337.178713405112,-0.909393858174375,11.30054,0.4818974
1237645876861535242,337.08714886698,-0.933058320861317,11.30054,0.5955257
1237666492704555432,328.189967404858,-0.864272983674699,7.358632,0.8009777
1237668647170343124,176.991147315378,20.7788409244696,5.204239,1.413527
1237668647170343129,177.000083184823,20.7504042822608,7.359027,0.6069279
1237665427552666111,194.280521419507,28.782478140458,7.359612,0.8039722
1237665427552666125,194.280422454715,28.6938503349347,10.64674,0.6118336
1237651494678691853,112.64922285751,34.3560725858548,6.686955,0.2480392
1237664972286263921,233.579430054759,23.7934569272757,7.359788,1.062647
1237660750333150893,66.3123254492512,23.0352306779406,11.30553,2.428068
1237660750333150896,66.4009876814389,23.0815365141403,258.3697,-10.34963
1237660191987728945,310.769126891036,-1.14701803848656,6.869985,1.707378
1237680263996441241,351.10875654346,-6.91531288361206,7.359618,1.330824
1237680263996441245,351.112837170533,-6.9211785113618,43.77222,0.8916683
1237660750333214838,66.3393222790384,23.1423022213036,27.92461,1.046923
1237657584942842005,23.3038586537793,-0.854700221512927,7.358663,2.55765
1237661351628767786,165.870841672691,54.8848830673974,7.356921,0.5199604
1237657584942842236,23.3931181848589,-0.985801097540481,7.358663,0.6460323
1237657584942842241,23.397753912088,-1.03191522696631,7.358663,0.6089306
1237656850503041850,344.273186699862,-1.00746627223845,7.357521,0.8181038
1237656850503041856,344.283663393848,-1.02349732368999,7.357521,1.655897
1237679433441280338,352.08623947934,-3.5173953198574,27.92389,1.225183
1237679433441280339,352.081010039199,-3.51355540803246,43.77312,1.551144
1237679433441280341,352.068178489014,-3.52095202930748,7.35977,1.208075
1237679433441280345,352.066642316018,-3.52060271546976,43.77312,1.371181
1237679433441280350,352.084540672442,-3.56518426068295,106.7367,0.6096344
1237679433441280359,352.09293743233,-3.52247331096024,6.495746,0.7997189
1237663889954111697,20.2479522637873,-1.22694019610733,5.514476,0.7737522
1237668330950754384,211.914804854653,14.7319692900817,5.219046,0.523819
1237668330950754392,211.928689264269,14.7832055167296,6.863136,0.4867516
1237654187634196802,172.713654776733,-1.10772188416125,9.214726,0.6759911
1237654187634196808,172.622742031459,-1.09767087425913,6.204056,0.4231071
1237654187634196809,172.624204847724,-1.09505161750148,6.06593,0.9471397
1237656850502713523,343.506432585216,-0.876106693324015,18.01773,0.8496933
1237669516361269921,344.307459412504,5.9285883544246,7.358296,0.3079395
1237666209236910662,249.901915306778,28.5951380156843,5.143112,1.889748
1237665427552404037,193.572409315251,28.8725622835658,7.360389,0.6346664
1237666209236910677,249.90818821305,28.5981396352161,9.508007,1.561926
1237666209236910691,249.921178799663,28.6233204164737,43.76731,1.546486
1237654187634262207,172.788753286718,-0.961509691792277,7.359935,0.5748291
1237661957218828943,193.582330214179,50.9499405906922,7.359121,1.903288
1237661957218828945,193.601367168296,51.0389617213587,7.359121,1.036558
1237662305648050874,201.685057638499,40.5893156566041,5.009082,1.483398
1237662305648050880,201.695900834674,40.623203130429,7.359277,-0.01383781
1237654187634262257,172.785577773181,-1.01086176084709,5.662666,0.6410027
1237665427552404203,193.468017368502,28.7917860512843,7.360389,1.76469
1237668647170081218,176.421584249047,20.776816075833,7.360004,0.6878319
1237651494678496170,112.541485121283,33.9593655915654,7.359477,0.5838089
1237651494678496181,112.391290019685,34.0337397036566,7.359477,4.976233
1237661957218829207,193.646718433669,51.0333639236542,7.359121,2.668102
1237652929198555785,309.112975192957,-6.76182903890276,11.30614,1.688572
1237673708786222230,121.086679929079,-9.22577894608071,7.360054,2.223217
1237663889954177395,20.4741799601144,-1.24231259329085,7.359077,0.2271442
1237663889954177414,20.4845739552446,-1.14752273512327,27.92126,0.6033974
1237666300525085247,340.565970793388,-0.112772347435906,7.358091,1.125631
1237660750333019894,66.2138592759952,22.7442399656473,18.02121,1.518641
1237652929198556259,309.070593253731,-6.90961359836539,6.100384,0.4491386
1237661957218894302,193.915980092505,51.062551820166,7.359409,1.357662
1237659234211530323,253.977898341572,-1.07573864297772,7.358455,1.294291
1237668330950820494,212.135473387909,14.691138117874,7.358715,1.742882
1237666209236976379,250.054617747993,28.6973433814801,68.30749,0.2180595
1237668330950820505,212.151898978562,14.736101444538,11.30555,1.168434
1237654187634393426,173.108244346333,-1.11234462957929,7.359867,1.010925
1237650004324909736,326.282970115904,-1.14959509741993,7.35961,0.8743973
1237654187634393436,173.121088544093,-1.11399412280616,7.359867,1.351873
1237654187634393443,173.127499499574,-1.13957435474009,7.359867,0.9896717
1237654187634393445,173.130864002494,-0.979633986438975,5.015672,7.344088
1237654187634393448,173.13334620479,-1.11307114250324,106.7381,13.36785
1237678845030238158,314.015299303507,5.21654817969155,7.357713,4.028694
1237654187634393463,173.159971561432,-1.0145507238608,6.052289,0.8083706
1237654187634393466,173.165554260561,-1.08560739251223,7.359867,1.206913
1237654187634393467,173.165557186143,-1.11620557096068,27.92426,5.090414
1237646798131759018,108.042641845168,0.952429313694468,18.01545,0.8848515
1237668647170146977,176.638501340023,20.6617232072134,7.359541,1.552341
1237668647170146982,176.634536386843,20.8160128545674,7.359541,0.7225018
1237668647170146983,176.641255720908,20.6720303452503,7.359541,1.03508
1237671930132956182,158.650002626611,8.03366062971663,11.30486,0.01633453
1237650004324910004,326.281957243778,-1.0911556434878,7.35961,1.602057
1237645876861403577,336.77446019627,-1.03257934561845,11.30334,0.9071598
1237645876861403595,336.782623865634,-0.994404322559111,7.357275,0.4885883
1237663889954242972,20.691884768362,-1.07079640066401,5.342176,0.382431
1237661957218959668,194.059204288403,50.8934134417625,7.359869,-0.4306087
1237660191987663093,310.535879024673,-1.07436274602167,5.432378,1.390853
1237663889954243231,20.6091531462725,-1.0696485522616,7.358817,0.138546
1237663889954243235,20.6132011400814,-1.19938804452763,7.358817,0.3458958
1237662305648116930,201.902759820088,40.399812806683,7.359334,0.2704926
1237645876861403875,336.805778496,-1.03206702270609,7.357275,1.573416
1237679433441018144,351.520477520956,-3.57922161291999,5.73123,1.232533
1237645876861404021,336.784683878869,-0.878936311484127,11.30334,3.80995
1237645876861404032,336.809139517807,-0.843079050426719,11.30334,1.811558
1237663228529934728,247.192124948105,75.6442098195017,6.719829,1.190067
1237663228529934732,246.923415123132,75.7691840557552,7.360594,0.7615833
1237663228529934735,246.978029760837,75.7508863411352,5.401412,0.8817959
1237661957218960021,194.256566147746,50.9505443144178,7.359869,1.097994
1237678578742330715,329.175240539442,19.509573371467,7.358742,2.457735
1237680263996309743,350.802814670677,-6.90295048868406,7.360272,0.1657658
1237654187634589864,173.588117200175,-0.945769198869112,43.77727,1.348774
1237654187634589870,173.59903192351,-1.02674285569962,7.360467,0.8981514
1237654187634589874,173.613650666299,-1.10111962099428,7.360467,0.873045
1237661351628636866,165.308193223163,54.7393995730784,7.359295,1.690521
1237645876861469189,336.990859897407,-1.03631873981587,7.356841,0.2776794
1237678578742331005,329.21938727639,19.4747826510346,7.358742,1.564716
1237662695954645928,216.991402243288,31.8902640513996,7.357577,3.126814
1237662695954645929,216.976042310321,31.8514736738108,7.357577,0.8228493
1237666300525216167,340.896563118224,-0.207088123384753,7.354585,0.6924763
1237664972286132831,233.221736017268,24.0388756411845,18.02235,1.170263
1237664972286132836,233.163377421609,23.9073931645289,106.7461,0.9096966
1237664972286132849,233.182960368905,23.9073995421162,11.30817,2.35828
1237654187634655319,173.704830531746,-1.0632999836853,5.412999,0.476284
1237654187634655321,173.705095773924,-0.956447002334594,11.30765,1.293232
1237654187634655334,173.768110252931,-0.968255694445054,9.136961,0.2809353
1237654187634655348,173.645607511894,-1.05398379287521,6.509688,1.293308
1237673708786287372,121.22425891099,-9.05815295509094,5.868986,1.038933
1237665427552600455,194.044298264607,28.7063693665575,5.730117,0.4046707
1237654187634655519,173.722894335995,-0.951046151882428,7.360081,5.402533
1237667725360365708,82.8798579945151,8.5184519010731,7.358163,1.358356
1237672131997600934,276.616947725007,13.9073988951832,5.820403,0.8519726
1237679433441149056,351.804887731314,-3.53890395866764,11.30762,1.316378
1237679433441149058,351.804104276191,-3.56229642544784,68.31472,1.38563
1237679433441149065,351.764018881531,-3.53537930430187,166.5399,0.7094421
1237679433441149071,351.807829336596,-3.56789778250479,68.31472,0.8212852
1237679433441149074,351.803043568433,-3.55526959140475,7.360061,1.670284
1237654187634720905,173.804561862701,-0.954288170872029,7.35903,1.69248
1237654187634720907,173.805671261831,-0.944494889445959,7.35903,0.6839199
1237654187634720911,173.81083602205,-1.11898674084342,7.35903,0.8947201
1237654187634720915,173.813466485313,-0.977330578286185,5.856277,0.7652836
1237654187634720916,173.81506042877,-0.945701679358281,9.622555,1.082012
1237654187634720917,173.825020366105,-1.03617281635993,7.35903,0.8487396
1237654187634720919,173.83587765367,-1.01900709954089,7.320567,0.8115711
1237650004325040929,326.555437395114,-1.20203388634096,7.359641,1.015566
1237661957219025623,194.32300760349,50.8631138150551,7.36001,1.283163
1237654866228412506,118.720118017061,-1.85828151912608,10.44658,7.425594
1237650004325105711,326.70334143447,-1.09038665219815,6.455564,0.5895061
1237668647170278360,176.893222899814,20.7568539877717,7.358729,2.021954
1237680263996375765,350.954367371733,-6.9856449430866,43.76887,1.698534
1237680263996375768,350.966151289284,-6.87328538802608,11.30608,0.08504868
1237666209237107727,250.455540323595,28.5007925380554,7.361126,1.994118
1237664972286263449,233.566509801189,23.9223771588319,9.993825,1.114428
1237663480321672806,308.523782437115,0.912245049574091,18.01661,1.303593
1237679433441214733,352.023100194321,-3.51853231128368,11.60931,0.5792027
1237661957219090700,194.698527805938,51.0298092841256,7.360302,0.9930458
1237666300525281721,341.046712920955,-0.00131677125507899,7.357898,0.3469982
1237650004325106220,326.688943365545,-1.1723315378508,5.907918,1.102169
1237664972286263663,233.605013940896,23.8887177786688,5.29123,0.8692837
1237664972286263679,233.569793631164,23.7958613956957,11.3072,0.2090874
1237661957219091241,194.696294970834,51.0231728997889,7.360302,1.091925
1237661957219091243,194.671650982591,50.8893351133798,7.360302,1.277796
1237668647170343565,176.982451666473,20.8290809186778,7.359027,0.9686909
1237667725360562209,82.7664525315778,8.05940802823537,22.1008,13.46065
1237667725360562210,82.7724493930679,8.06175453157698,43.76006,11.13169
1237669516361466746,344.71817888888,5.79764295455049,7.358845,0.9859581
1237680263996441257,351.136394135168,-7.05880299203581,11.30694,1.065863
1237680263996441258,351.140581399631,-6.96821906428221,11.30694,0.9830685
1237680263996441259,351.139040392625,-7.05784531036902,18.02039,1.101942
1237646798131823241,108.085915945872,0.946092917799958,7.357468,0.8347893
1237668330951082537,212.833985094223,14.6477582405611,11.30428,2.004213
1237657584942842012,23.3182478464235,-1.02676914196674,7.358663,0.3547382
1237657584942842028,23.3714916554572,-0.964754668398283,7.358663,0.4686337
1237664972286329022,233.734627465087,23.783031556593,5.947414,1.074291
1237645876861665630,337.371303256603,-0.843713215520807,7.048133,0.5154324
1237645876861665633,337.369715503737,-0.886694322623312,7.356823,1.073418
1237645876861665646,337.376832665435,-0.963900955506545,7.356823,0.954258
1237663228530131142,248.620313014454,76.029727956362,18.48815,0.8920908
1237664972285870110,232.693956050854,24.2860598873333,7.359538,1.814907
1237654866228281522,118.442382497963,-2.0334459598689,7.359416,2.601665
1237663889954111717,20.2638942731747,-1.12104346815484,11.30624,0.5450668
1237664972285870494,232.596836944873,24.2141541372396,5.256636,0.827898
1237666492704293258,327.581016857793,-0.883138546308535,5.881468,0.4836731
1237666492704293259,327.582819777978,-0.885044716019285,7.358155,2.475515
1237666492704293265,327.59818058652,-1.03221771356244,11.30469,0.4074459
1237661351628439933,164.514684561871,54.585392545385,6.157814,1.64341
1237661351628439935,164.513908714719,54.5813958930336,7.359102,0.9250183
1237663228529738364,245.51830590264,75.4647989976673,7.358841,2.355108
1237663228529738388,245.376012249324,75.570981189151,7.358841,1.124727
1237666300525019869,340.487389641932,-0.0215878812186048,7.358108,1.280588
1237666300525019871,340.487633645843,-0.126664207058204,11.30462,1.328459
1237666300525019872,340.488103638812,-0.0936470796430019,11.30462,0.903286
1237662305648050916,201.706823416497,40.6093563247255,43.77018,-0.885767
1237678845030237003,314.087374883346,5.24383551178151,7.357713,0.7447453
1237666300525084769,340.550385598654,-0.122618544236073,7.358091,2.168591
1237679433440821688,351.112465952941,-3.50215793730053,5.393973,1.506933
1237679433440821695,351.135149075689,-3.65704031950346,7.360523,2.167791
1237662695954514854,216.649981155782,32.0326862609707,18.01883,0.3044968
1237663228529803751,246.372222028792,75.5288516837397,7.358231,1.322023
1237662695954514898,216.548024690793,31.956594345196,11.30597,1.350279
1237650004324909265,326.194679223107,-1.25623227837705,5.30324,0.8344078
1237661351628505639,164.704603157775,54.6248426732189,11.3065,1.612116
1237661351628505648,164.727591271581,54.6016515984135,11.3065,0.7093639
1237661351628505660,164.751415728157,54.5868157439946,7.35933,0.9790096
1237661957218894133,194.031120559828,50.940810655551,5.03567,0.5429459
1237645876861338319,336.609110549869,-1.015676938079,11.30311,1.134171
1237645876861338326,336.61632726622,-0.846733623721365,18.01427,1.935274
1237656850502779407,343.634835252863,-0.934153849096089,7.358258,0.4072323
1237656850502779409,343.634999265274,-0.922490122280722,11.30485,0.9284344
1237645876861338342,336.626774753696,-0.828175562251839,11.30311,2.529001
1237656850502779575,343.561852955982,-0.990487236868598,27.91815,0.946085
1237656850502779577,343.562850373254,-0.903856694183188,11.30485,1.470354
1237671930132955817,158.574745579577,7.93438877768778,7.35826,1.596189
1237671930132955824,158.573831165088,8.00759308077226,7.35826,1.153322
1237666300525150370,340.784307470477,-0.133835962725989,5.14772,0.8959389
1237668647170146873,176.591371905782,20.8137552509583,7.359541,1.367247
1237666209236976607,250.021372599955,28.5582722158983,106.7296,12.87949
1237654187634458730,173.249332145684,-1.00204615591417,7.516382,6.020617
1237662305648116550,201.899255945963,40.46094499414,7.359334,2.779037
1237666209237041321,250.263674896883,28.5257494651651,7.35982,1.461113
1237655549129327670,238.740662687736,-0.981247764379711,7.356497,0.1297016
1237668330950885865,212.290762856332,14.7426670226179,7.359778,0.512682
1237668330950885873,212.298230204433,14.7510913363701,7.359778,0.4497757
1237664972286067133,233.029793161661,24.0300449810806,7.359069,1.542578
1237661957218959810,194.062034172161,50.9032578289812,7.359869,0.6040573
1237661957218959820,194.072345658648,50.9070166783941,11.30733,0.4034157
1237666300525151083,340.768062319693,-0.10907511714493,7.357218,1.77219
1237671930133021190,158.783639331021,8.06735392194081,258.3893,2.708824
1237671930133021192,158.782790180776,8.07025646221768,119.1409,0.01693535
1237661957218959846,194.101583116057,50.8951920482654,7.359869,0.8660221
1237664972286067361,233.125639569413,24.06243886617,7.359069,1.714367
1237664972286067370,233.089125193792,23.959430776736,11.3061,2.524788
1237679433441018234,351.460966385958,-3.67133814663661,7.359715,1.592525
1237679433441018237,351.464443767189,-3.65069781833235,7.359715,1.15344
1237654187634524381,173.425489427498,-0.963000077755195,7.361533,1.40806
1237654187634524384,173.427972384711,-1.0602028432651,7.361533,0.5180473
1237654187634524390,173.437357474182,-1.13565236364448,7.536463,0.7743282
1237662695954645618,216.994727927661,31.9030990676265,11.30381,0.7184639
1237662695954645620,216.947377782313,31.7743451769919,68.29166,0.5702019
1237662695954645637,216.997675803423,31.8652614580848,7.357577,1.323847
1237666492704424734,327.888833346124,-0.903570087410325,7.360176,1.971664
1237666492704424747,327.909478812656,-0.89387583913265,7.360176,1.560635
1237666492704424755,327.911698560423,-1.0268203506418,7.360176,1.919285
1237665427552535392,193.847608733985,28.7858473193668,7.360062,0.9426537
1237665427552535402,193.848310539821,28.6621734094572,7.360062,1.15255
1237661351628636622,165.330301789974,54.6318325973329,7.359295,1.079021
1237660750333085047,66.2272209059717,22.8673176953109,27.91642,1.433237
1237662305648181721,201.948418810054,40.4314662153345,11.30632,0.6760006
1237663889954308557,20.8137043919624,-1.07081658196784,7.358018,0.5396023
1237666209237042032,250.237392041104,28.6373133901826,7.35982,1.148115
1237661957218960516,194.094755041367,50.9770663551493,7.359869,-0.1341515
1237661957218960527,194.139818160626,50.8835356703102,7.359869,1.225861
1237661957218960528,194.167539007103,50.9416984920509,18.021,1.395933
1237663889954308768,20.8196466902951,-1.19097845808697,7.358018,0.8199215
1237663889954308774,20.8237458188775,-1.07195005055938,7.358018,1.162018
1237645876861469367,336.949976604374,-0.841602663728593,7.356841,1.760942
1237645876861469370,336.953395330542,-0.989295392957569,7.356841,1.912109
1237663889954308790,20.8393133097549,-1.20562820633742,7.358018,1.269381
1237657584942711441,22.9937091281344,-1.02866963430398,7.35664,0.8702736
1237657584942711447,23.0029957134018,-0.838435612399578,11.30237,0.7609749
1237657584942711458,23.0246088854252,-0.950964440091338,7.35664,0.527256
1237678845030303066,314.211918444586,5.21674942425758,7.357644,0.6971703
1237679433441149250,351.75676716336,-3.50301865387765,5.848792,1.147619
1237679433441149269,351.780123378027,-3.50773456102204,6.94559,1.588369
1237679433441149270,351.778712907832,-3.50896148867583,258.4176,0.7303276
1237679433441149273,351.781238394444,-3.59940051654948,5.074689,1.2075
1237679433441149275,351.782245921331,-3.59033638218588,43.77485,1.098612
1237679433441149282,351.793086724787,-3.6415226250985,7.360061,1.185886
1237679433441149288,351.797839247132,-3.59566112458097,5.916872,1.277496
1237679433441149290,351.801303188468,-3.57636175239422,43.77485,1.184217
1237679433441149291,351.804213344952,-3.54426655967722,106.7409,0.7785072
1237671930133087207,158.863892145193,8.07145296253226,7.359358,-0.009841919
1237671930133087212,158.90912598937,8.03390348040107,7.359358,0.3179665
1237654187634786436,173.945628863671,-1.0500532981939,5.071417,0.4929199
1237654187634786438,173.947271181072,-1.07662294921997,8.043478,-0.1409073
1237654187634786449,173.965895251549,-1.11051556804733,7.97382,0.4100475
1237655549129393303,238.906298483918,-1.06987999994316,11.30508,-0.8816147
1237655549129393321,238.934618025327,-0.94869214785176,18.01741,1.178152
1237666300525216704,340.934003096057,-0.0085712241954722,27.90422,0.6055298
1237666492704555176,328.24619410889,-0.986473298031458,27.91957,0.2125111
1237679433441214493,351.90678110732,-3.53879211147362,258.4119,1.87356
1237679433441214500,351.932775903385,-3.52237169868617,258.4119,1.252293
1237663889954374475,20.870183285065,-1.05950133123954,7.357864,0.3180485
1237666300525281329,341.101516938153,-0.162096902259231,24.68342,0.8934069
1237666300525281336,341.098720173003,-0.163407481331632,7.020404,-3.815563
1237657584942776803,23.2822334473337,-0.931238966483493,7.35891,0.8298111
1237678578742460551,329.515053299752,19.5573701718934,6.663231,0.9974442
1237669516361466667,344.839398764798,5.85722137339308,7.358845,0.7231617
1237679433441215115,351.902635520448,-3.51103874970264,258.4119,1.822577
1237679433441215129,351.940998836768,-3.56704239999235,258.4119,2.070187
1237654187634917501,174.332984144102,-1.03051982098647,6.788782,0.6145878
1237645876861600389,337.198915129161,-0.899554301566066,7.358075,1.653444
1237645876861600397,337.203171271628,-0.911528439224408,11.30457,2.04892
1237679433441280016,352.075434210805,-3.62868753974422,8.559098,1.167582
1237679433441280017,352.069728897538,-3.67056113972941,258.4073,1.670494
1237679433441280021,352.05934960415,-3.64285156706546,6.752138,1.333447
1237679433441280022,352.06677874878,-3.68150433818575,258.4073,9.120897
1237680263996441190,351.200503058872,-7.02872937333673,7.359618,1.902218
1237680263996441205,351.213999009333,-7.04956514489867,7.359618,0.9052105
1237666300525282106,341.137257477267,-0.193328206452425,11.3043,1.865393
1237666300525282118,341.143680604878,-0.00593343411527716,18.01617,3.067017
1237663228530066228,248.054208959873,75.8133751692406,7.358832,1.436787
1237657584942842088,23.294293339461,-0.991363885913091,11.30548,-0.3446693
1237657584942842094,23.2968838858589,-0.991330930367195,11.30548,1.007183
1237657584942842103,23.3009457903286,-0.91111673724317,11.30548,0.7617931
1237657584942842106,23.3034940489209,-0.972450928937797,5.439024,0.680563
1237645876861665510,337.338523054675,-0.966630794728997,7.11114,0.5259705
1237645876861665513,337.343357124584,-0.985425180559063,5.237779,0.5274239
1237645876861665515,337.347280107489,-0.972355392469845,6.407094,0.4072475
1237645876861665516,337.349162262387,-0.973165512785745,7.356823,1.310139
1237662695954777200,217.191767436483,31.7156853553775,7.358522,0.5921917
1237667725360562646,82.7791162647067,8.03239720021005,5.375213,0.8139801
1237668330951082845,212.805573056288,14.6949865789211,7.357886,1.367949
1237668330951082846,212.80481037461,14.6344201821525,11.30428,3.659859
1237680263996113070,350.482501775566,-6.92371257175012,11.3041,0.9176369
1237680263996113081,350.351121069299,-6.87633736088223,5.239345,1.334549
1237666300525019600,340.516228918861,-0.0419721624664587,7.358108,1.995396
1237666300525019616,340.525580704772,-0.207257010543885,7.358108,0.6501389
1237656850502713667,343.464261137185,-0.904309644850156,7.358536,0.8692608
1237671930132889978,158.386569287074,7.97924118706897,7.357589,1.030724
1237669516361269869,344.283377042073,5.93963125859274,7.358296,0.7316837
1237662695954514210,216.482702585039,31.8880232171009,7.358984,0.03746033
1237646798131757742,107.93473204119,0.973054181640942,7.357602,5.551254
1237646798131757762,107.937806574232,0.939361496361468,27.91567,2.046024
1237680263996113738,350.455807699187,-6.85041898587617,7.357767,1.525551
1237680263996113743,350.465571906112,-6.88854541617036,7.357767,0.8809681
1237680263996113752,350.474183689151,-6.90537375305929,11.3041,1.966259
1237662695954514485,216.642224407061,31.9022765025007,7.358984,1.518696
1237656850502713994,343.546209991144,-1.03849823146919,7.358536,0.3353901
1237661351628440363,164.531777738094,54.6248508133913,18.01912,1.237242
1237662305648050950,201.699103135956,40.540456775544,11.30642,0.7676773
1237662695954514657,216.572100052189,31.8994669234123,11.30597,0.5443058
1237662695954514668,216.581507449268,31.9035440803937,11.30597,1.387173
1237662305648051081,201.730685953607,40.4842160277355,7.359277,0.6744251
1237671930132890512,158.510247981163,8.12072436972201,7.357589,1.382563
1237666300525084988,340.571432590793,-0.108594273609105,27.91752,0.8906212
1237666300525084996,340.579113448183,-0.179145244094404,7.358091,1.326233
1237663889954177176,20.4850392894103,-1.21796546875874,5.93373,0.5703278
1237663889954177322,20.4212124792323,-1.25876485409371,5.489392,1.406298
1237654866228282808,118.453823068901,-1.93995088867047,7.359416,4.019276
1237654866228282809,118.455411241735,-1.94004403593538,7.359416,0.2373772
1237666209236976098,250.004667293157,28.5761822957082,43.77022,0.5115795
1237666209236976099,250.004311516075,28.5726517122556,68.30749,0.3246479
1237666209236976111,250.045770123931,28.7078464555702,5.144193,0.4806786
1237654187634393098,173.058420588391,-0.970088733036046,18.02099,0.5261269
1237656850502779327,343.590797287396,-0.993097876162618,7.358258,-0.2259922
1237656850502779334,343.595593632879,-0.88674917236115,11.30485,1.42326
1237661351628505787,164.921878165009,54.571560135288,7.35933,1.76874
1237661351628505795,164.85658251263,54.7084614474739,7.35933,1.207943
1237661351628505798,164.914064153732,54.6021588637888,7.35933,1.451225
1237661351628505803,164.879049378171,54.6773810821881,7.35933,1.53854
1237663889954177735,20.4188586343686,-1.21211049433513,7.359077,2.087517
1237663889954177741,20.4223001142029,-1.0779703055796,7.359077,1.006166
1237663889954177745,20.42553623221,-1.15725960014226,7.359077,3.069826
1237663889954177749,20.4316322185215,-1.15909376373789,11.30611,0.9445248
1237663889954177750,20.4323538290584,-1.09899878864909,7.359077,0.4449959
1237669516361335380,344.418782757598,5.92204392165608,7.358622,0.7350502
1237663228529869117,246.603770450417,75.590275930396,5.044012,1.089849
1237663228529869130,246.842844366857,75.6592559459744,7.359879,2.928434
1237665427552469702,193.653984862722,28.7528426964049,7.360333,1.308384
1237680263996244112,350.722754434946,-7.03080122996462,8.058778,0.3776608
1237661957218894845,194.001257772964,50.9624840874128,11.30662,1.837421
1237680263996244485,350.730964257634,-6.94108765632302,7.360472,0.7612839
1237661351628571257,164.961114355564,54.7343010355682,7.357207,1.844473
1237671930133021098,158.716352270745,7.95165813676605,18.0195,0.5737133
1237671930133021106,158.714630082424,8.07970276149578,258.3893,0.4201622
1237652929198557471,309.027064055716,-6.86894520414689,11.30614,1.383022
1237669516361336078,344.42314132083,5.93017604163139,7.358622,-0.2433262
1237664972286067402,233.112061540822,23.949195587803,11.3061,2.658913
1237661351628636307,165.151059428506,54.7166272789309,5.740191,1.14187
1237671930133021323,158.724552585962,8.04163508473828,258.3893,1.637274
1237662305648181616,202.097250340071,40.5145201655676,5.288568,0.4500237
1237657584942710906,23.069994827567,-1.03735522119337,5.856802,0.9534283
1237671066844530092,22.3946704572284,38.2901717951263,27.92112,1.161512
1237678578742330829,329.23953913477,19.5358939549022,7.358742,1.767866
1237673708786287060,121.205890742442,-9.1163321916574,7.359916,4.36483
1237654187634589907,173.503712184326,-0.949680386322199,7.360467,1.471691
1237654187634589911,173.510460460052,-1.06180053150933,7.360467,1.821621
1237654187634589916,173.516759093076,-0.945336542830254,27.92654,2.034519
1237654187634589921,173.520747050081,-0.946010766594236,18.02246,5.596083
1237664972286132708,233.20253862686,23.9725459930587,7.360419,0.6487732
1237664972286132726,233.235203443362,23.9724157432728,7.360419,1.340292
1237668330950951385,212.360499683361,14.5897075990693,11.30769,1.349842
1237662695954646130,216.948817596155,31.9574812753742,18.01539,-1.672316
1237669516361400967,344.586968989336,5.87659574393472,5.520244,0.516346
1237669516361400969,344.591617523881,5.80029223304941,18.01865,-0.1812229
1237669516361400979,344.593276119875,5.85380710120144,18.01865,1.061047
1237663889954308875,20.7667323313714,-1.08900680326048,7.358018,0.4966431
1237674893660327134,304.201966431098,29.6942402850506,6.396826,1.69315
1237678578742395220,329.306334020364,19.5859290834042,7.358953,1.184332
1237645876861534217,337.037519169512,-0.889022447250816,7.355452,0.4093704
1237680263996310369,350.853689708274,-6.94838452534317,18.02199,2.543911
1237662695954710774,217.063231955247,31.9241328234461,11.30454,0.8528118
1237662695954710783,217.021090345805,31.7309992775466,7.362153,0.6870403
1237651494678626636,112.676372969436,34.1969356948238,7.359697,1.506805
1237671930133086834,158.851139849977,7.95153350873659,7.359358,1.356348
1237656850502975718,344.083871948543,-0.999068108864279,7.357592,1.698572
1237650004325040772,326.591407986468,-1.23339394540479,18.02044,0.4561749
1237650004325040785,326.601648200738,-1.1710055591688,7.359641,2.146749
1237679433441149304,351.819730674456,-3.5405812833597,6.617094,1.113203
1237658222745420981,83.1627833100303,0.826826627784094,7.359212,1.979132
1237668647170278098,176.962563645043,20.845527235982,7.358729,1.19952
1237662695954711227,217.188093810809,31.8649990686527,6.000881,1.313591
1237662695954711237,217.14485832193,31.7465349667423,5.257158,1.853798
1237663889954374133,20.9576203122479,-1.20997673811763,7.357864,1.651253
1237664972286198386,233.379222409624,23.8200380783342,7.357468,1.439415
1237662695954711380,217.064150905448,31.7215638138272,7.358054,0.9439869
1237679433441149521,351.89451988113,-3.64850423340173,106.7409,1.727598
1237679433441149536,351.762987367074,-3.53021792079462,166.5399,0.6761532
1237650004325041140,326.60202276877,-1.10627815539969,7.359641,1.85384
1237656850502976127,344.11026693001,-0.982328813283024,7.357592,3.120047
1237680263996375837,351.071590273515,-7.05734757485007,7.359055,3.852455
1237680263996375851,350.965523384994,-6.95914597234197,7.359055,0.2620621
1237666209237107740,250.453337026553,28.4502614104944,7.361126,2.007572
1237666492704555317,328.216545438708,-0.973057429271242,6.537251,0.9974194
1237673708786288419,121.168397196227,-9.20526214710604,11.3074,-4.191792
1237658222745485471,83.2395712322606,0.723070943949971,18.01946,8.888565
1237660750333150484,66.385193145262,23.0559161200747,7.358697,0.8078632
1237650004325106237,326.697694652002,-1.20257152560796,7.359525,0.5569725
1237679433441214961,351.925899293605,-3.50001893211588,258.4119,1.915697
1237679433441214978,351.947123320126,-3.64240592089242,11.30737,1.301645
1237679433441214979,351.947107210574,-3.64182470048043,7.359899,1.803083
1237655549129458152,239.175999018764,-1.13207059665705,6.231633,0.6914024
1237679433441214982,351.948858636769,-3.50654602559122,258.4119,1.362049
1237679433441214991,351.959720090503,-3.50556754644973,11.30737,1.596178
1237679433441215001,351.964693657043,-3.52794187529099,7.359899,1.892262
1237662305648247810,202.297780211905,40.4083494036099,18.01978,1.496996
1237662305648247816,202.337760971195,40.5173908629254,18.01978,0.6932087
1237672131997602365,276.681940792729,13.8662062098207,7.361529,0.9137173
1237666300525282030,341.077250440915,-0.127785865322353,11.3043,1.26733
1237666209237172772,250.673646445677,28.4772506167274,18.02185,1.54048
1237657584942842082,23.2899440416046,-0.874804052580367,11.30548,1.187283
1237656850503041683,344.23637755259,-0.963388275931877,7.357521,0.6911736
1237656850503041695,344.242626654215,-0.981179398968692,7.357521,4.036516
1237656850503041696,344.243511101748,-0.960471882447095,7.357521,0.9282246
1237666209237172870,250.553520400912,28.5199452538287,27.92559,0.9348888
1237666209237172871,250.526682728542,28.4308137655588,7.360218,1.074507
1237661957219156196,194.962580990154,50.8582191327393,7.360464,-0.5685711
1237678578742460961,329.581631648516,19.5659720126349,7.359674,3.937809
1237652929198623005,309.210228915943,-6.76467985101562,7.358649,1.882835
1237679433441280303,352.058662720811,-3.54875097049102,43.77312,0.3737373
1237680263996506421,351.257101905468,-6.93903095778583,7.361064,0.3792286
1237680263996506427,351.259317159168,-6.98986169515794,7.361064,-0.1967773
1237658222745486568,83.298601580121,0.689627503155072,11.30636,0.6313038
1237663889954439913,21.0962628586749,-1.18589830630132,7.358235,0.9324455
1237663889954439921,21.1018168589139,-1.13095016142263,7.358235,1.366922
1237663889954439922,21.1033090485083,-1.23006456706677,11.30482,0.491724
1237680263996506433,351.259358264162,-7.05695733322819,5.463291,0.5857315
1237680263996506442,351.268943041538,-6.90072590662634,7.44232,0.5279179
1237680263996506447,351.268699688855,-6.98771859729578,7.361064,0.3854828
1237654187634196489,172.592713096686,-1.05894652571971,5.817585,0.4793005
1237654187634196501,172.607063190566,-1.11931611362632,5.41451,0.7099743
1237654187634196507,172.602452351642,-1.06044292450476,6.703959,1.34668
1237667725359906883,82.7980939067631,9.51175679811134,25.58196,1.547256
1237657584942448827,22.4100805634283,-0.947276170295399,5.486368,0.9206009
1237663480321605865,308.357984938814,0.97904560197015,20.08125,-0.3251438
1237654866228281687,118.476900279873,-2.03086238485758,7.359416,0.4566479
1237664972285870546,232.592826600733,24.1351612723091,7.359538,1.741835
1237680263996113402,350.433665822744,-7.00463888250086,7.357767,0.9845867
1237664972285870578,232.629645478887,24.1507112764893,7.244148,2.011919
1237664972285870590,232.636031736215,24.1461602835446,7.359538,1.506205
1237679433440756179,350.857351739939,-3.61975521282415,258.4144,0.08105278
1237663228529738420,245.692245713249,75.4988669690362,7.358841,1.070107
1237663228529738423,245.796425990593,75.4595813531126,7.358841,1.766697
1237663228529738431,245.740897256948,75.4971806227692,7.358841,2.789146
1237663228529738433,245.567319502856,75.5711251564591,11.30575,1.753859
1237671066844463741,22.2216994213302,38.1706527244753,7.359258,0.02088547
1237646798131757700,107.935563822756,0.90260617424168,11.68511,0.9745255
1237666209236910742,249.943602787464,28.5545049514392,7.358793,0.2461548
1237665427552404078,193.576623096508,28.6972321712097,7.360389,1.326609
1237654187634262346,172.773437495545,-1.07106770776197,7.359935,1.681698
1237654187634262352,172.783907117157,-1.15218883001905,11.30743,1.285429
1237654187634262358,172.788907845494,-1.14391008277671,5.103845,0.8479519
1237651494678496045,112.377662156595,33.9682574168553,7.359477,1.450632
1237656850502714062,343.435529212349,-0.946749439402858,7.358536,-0.1382751
1237655549129261822,238.732313319757,-1.01302466918141,7.35934,1.544546
1237654187634262398,172.834074516584,-1.10999812845063,7.710624,1.932846
1237654187634262415,172.857457741506,-1.07818982583213,5.466197,1.530617
1237650004324844488,326.068208786993,-1.20410270014832,5.783008,1.977892
1237668330950755372,212.018431138692,14.7908621389242,7.358405,1.664019
1237668330950755376,212.023554928601,14.7584341282351,7.358405,-1.164703
1237669516361270496,344.312888566366,5.93686381966576,7.358296,1.668537
1237651494678496279,112.459688668841,34.0494054340729,11.30673,0.4782619
1237669516361270522,344.348092227003,5.77307696512887,7.358296,1.388954
1237657584942514776,22.6527680505851,-0.965300279593602,7.359138,1.672743
1237657584942514793,22.6600098576623,-0.91946432979113,7.359138,2.737684
1237657584942514795,22.6612768314599,-1.00396145962513,7.359138,1.440304
1237657584942514805,22.6727606168892,-1.01271132689971,7.359138,1.966183
1237663228529803899,245.975741143905,75.6851121544267,11.30481,0.5524635
1237663228529803989,245.699671984773,75.654954464266,11.30481,1.414587
1237667725360038333,82.8055796466149,9.26914207564346,5.489595,1.768818
1237667725360038334,82.8053775765233,9.27052918278255,18.01916,1.610016
1237671066844464520,22.2133822490497,38.2860221895173,7.359258,0.763155
1237668330950820073,212.126583639498,14.8136716381989,11.30555,-1.488878
1237666300525085335,340.633851943918,-0.172064837800113,7.358091,1.667534
1237665427552469428,193.705620917996,28.8664184230359,7.360333,0.6174793
1237664972286001238,233.01504742428,24.0850140123459,5.085045,0.6080914
1237664972286001239,233.014594962413,24.0837355427348,13.59413,0.870285
1237662695954579772,216.754016353698,31.9648165222366,7.358246,0.00800705
1237662695954579773,216.763093559553,31.9828329268053,11.30483,4.238092
1237658222745354536,83.0152590059375,0.715394989728593,18.01583,7.67351
1237663889954177768,20.4645584474916,-1.19087653728646,7.359077,0.6023254
1237668647170146653,176.521719159148,20.7425048830364,5.391943,0.4869976
1237680263996179383,350.63148122858,-6.85383298644316,43.76328,1.47982
1237680263996179387,350.629800867126,-7.02871965440499,7.358115,1.39093
1237663889954177790,20.5002766196556,-1.0808899344217,7.359077,1.905983
1237663480321607702,308.339332627911,0.846885848426814,7.35875,1.434013
1237657584942580296,22.8166692864773,-0.882007117347175,7.359328,0.8355293
1237657584942580303,22.8251480179764,-0.879231219530085,27.92222,1.329485
1237664972286001657,232.989409023838,24.1088074373888,7.360575,0.7206612
1237664972286001666,232.9807310254,24.0415375109518,11.30841,2.447926
1237664972286001667,232.975657199137,24.0238823593949,7.360575,1.390957
1237664972286001675,233.02837527274,24.11416613412,7.360575,1.056152
1237659234211530551,254.074476300461,-1.05464836710279,7.358455,1.473272
1237657584942580339,22.7236740476474,-0.857591173570494,7.359328,0.3124847
1237668647170147054,176.509893924642,20.7175731053365,7.359541,1.783621
1237662695954580435,216.76479159721,31.9165507682495,7.358246,0.3894482
1237662695954580445,216.774938305179,31.9137111311929,7.358246,-1.652695
1237662695954580449,216.770839193075,31.8930275963254,11.30483,1.061413
1237668647170147087,176.557834996916,20.7113695569345,7.359541,1.238577
1237645876861403628,336.801318778079,-0.966058836608588,68.28886,0.4469872
1237667725360169324,82.9166774354022,8.91131987213855,6.868469,1.009682
1237657584942645758,22.972634274785,-0.948912185798452,7.359164,1.180481
1237657584942645786,22.850895718124,-0.958052846589611,7.359164,1.502687
1237657584942645789,22.8587101405806,-0.914515877163208,7.359164,0.9116192
1237664972286067218,233.100815682407,23.9929739750595,7.359069,1.911818
1237667725360234505,82.9433932656925,8.83470411211728,258.367,0.5123081
1237667725360234514,82.7625470866554,8.8989182404854,7.358622,0.5520401
1237658222745355574,82.9865327713982,0.675716132193004,7.35776,2.304773
1237658222745355575,82.9880879147279,0.655881033549795,7.35776,1.602533
1237654866228347632,118.697112436024,-2.02172048226444,13.59046,0.8921833
1237650004324975047,326.312693338406,-1.25396066868404,11.30789,1.96698
1237663889954308173,20.8126072937416,-1.26140832305507,6.843088,1.277071
1237669516361336110,344.493323987321,5.77942510504722,7.358622,0.5160275
1237669516361336112,344.493720188176,5.9650806656162,27.91953,5.783264
1237668647170212583,176.707497731819,20.8239144764886,11.30579,1.322565
1237668647170212586,176.70993524545,20.8207023308709,7.35887,1.124445
1237654187634655252,173.751216630979,-1.13390921167165,6.263839,0.7717075
1237654187634655257,173.755131584831,-1.11837224344936,11.30765,0.3504906
1237671066844594239,22.2758219591494,38.4642551386507,7.357651,0.992754
1237661957219024959,194.414881462947,51.0643011726652,5.750106,0.9325562
1237661957219024961,194.418187143666,51.064421256781,27.9248,0.1914024
1237656850502910557,343.908586688578,-0.926352730370884,18.01135,1.138729
1237656850502910575,343.923103000511,-0.951388214990783,7.35593,2.927395
1237661957219024973,194.419528940472,50.9648115957171,8.005581,0.5220833
1237680263996310312,350.931167134738,-7.06740229974136,7.360272,1.115171
1237658222745420722,83.0380909633396,0.795032454756154,11.30632,0.8312473
1237656850502975669,344.001933964563,-1.04969606040131,5.31772,0.6470184
1237663889954373889,20.9458470404782,-1.20097178328161,7.357864,0.5458965
1237663228530000296,247.496981496378,75.7757411513535,7.358634,0.5849648
1237665427552600904,194.008218933039,28.8113729243158,11.30713,0.9518089
1237667725360366137,82.8837359581092,8.46458088782328,43.76357,0.8581505
1237680263996375518,351.067139112746,-6.8704232905411,7.359055,0.6502514
1237680263996375529,351.072548565276,-6.93440040811374,12.72057,0.3929501
1237680263996375531,351.068911960482,-7.05617335137507,7.359055,0.4852924
1237659234211595975,254.196910046964,-0.981370495655622,7.3588,1.559275
1237663228530000702,247.256173071696,75.8424169800125,11.30543,1.875963
1237663228530000706,247.61359020062,75.6969658856051,7.358634,0.1850872
1237661351628767321,165.705099645372,54.7790294363667,5.066689,1.043085
1237661957219090648,194.72039458365,50.9092753666802,5.864694,1.788994
1237663228530065788,247.942603244276,75.898449625428,7.358832,0.8809853
1237673708786288650,121.18804626033,-9.11451795246081,5.63178,0.5328712
1237663228530066001,247.895907193358,75.8611803304621,7.358832,2.041382
1237663228530066006,247.749234281397,75.9364870115289,7.358832,1.42322
1237663228530066020,248.067234692302,75.8101291136818,7.358832,1.717966
1237661957219091154,194.574542401298,50.8691367270854,11.30799,1.223738
1237661957219091158,194.576514308004,50.8531155967084,7.360302,1.748627
1237661957219091159,194.593090531388,50.9318562156237,7.360302,1.387302
1237661957219091163,194.606913223672,50.9760035808931,7.360302,1.284607
1237660750333150812,66.3766702885742,23.0917518321873,258.3697,-0.3785858
1237657584942777103,23.2305578332292,-0.946410066528063,7.35891,0.5916882
1237657584942777106,23.2391365116806,-0.917433934778688,11.30585,0.6861324
1237665427552731211,194.41996169443,28.8202144641419,43.77071,0.5758944
1237650004325106755,326.744007255421,-1.12091138855265,7.359525,-0.8673916
1237646798131823343,108.101354938145,0.95150845169108,7.357468,0.7676468
1237662305648247851,202.144703623863,40.4331424257927,7.359369,0.3418503
1237672131997663248,276.679159350216,13.8817769102344,5.001405,1.095921
1237663228530131034,248.826004383529,75.9461951162938,5.563211,1.79892
1237661351628767909,165.732129033224,54.8657249738696,7.356921,0.6320934
1237661351628767924,165.808849485248,54.7500464860737,7.356921,0.5214634
1237661351628767926,165.837584508336,54.695251664881,11.3028,2.088417
1237674893660329082,304.181859064529,29.6332194961247,7.358724,2.08536
1237656850503106583,344.33143123333,-1.04903262794391,22.30709,0.8744783
1237656850503106587,344.328911371005,-1.03898219444559,56.25578,0.5548239
1237656850503106588,344.322064961895,-1.02732208288801,5.614155,0.9998226
1237669516361467259,344.719480377563,5.87669142128499,7.358845,0.510252
1237659234211528716,253.958714176281,-0.965659491498185,9.535809,0.996563
1237668647170080777,176.365221094631,20.8071875489486,9.747451,0.8525553
1237666492704292912,327.608807690649,-0.849557740589219,7.739082,0.5787086
1237663889954111538,20.3075927197951,-1.11448953319507,5.213332,0.5573997
1237673708786221216,121.077411751428,-9.27619283586841,27.92497,1.199834
1237673708786221220,121.073138734781,-9.27284140925893,7.278512,7.958393
1237656850502713382,343.456668271358,-0.874051840343837,9.431513,0.9207058
1237657584942448783,22.5091493233332,-0.992547951674429,6.185127,0.9399395
1237657584942448784,22.5109091454119,-0.990492509225082,7.359112,3.210546
1237673708786221274,121.030157525445,-9.18550265856545,11.74041,0.1181335
1237671930132889699,158.506006270193,8.06168699899361,23.52157,0.3039665
1237671930132889712,158.3790943179,7.93257738180846,6.455488,1.019327
1237671930132889714,158.380328575587,7.93510503992865,11.30383,0.6168957
1237680263996113342,350.398816684657,-7.01369186772244,11.3041,0.9485855
1237680263996113345,350.404634595151,-6.88833249421996,7.357767,0.4536858
1237680263996113353,350.41236402491,-6.8432732322957,5.006785,1.343254
1237680263996113359,350.416065658359,-6.86640554121437,11.3041,0.6757069
1237680263996113360,350.415716474455,-6.87746106572772,11.3041,0.6418476
1237666300525019692,340.401696842768,-0.033157989421063,11.30462,1.779329
1237673708786221515,121.120534161229,-9.25161713953499,6.411815,0.7371597
1237657584942449284,22.4319682580516,-0.846748177022875,11.30616,2.7843
1237657584942449294,22.4505008531086,-0.844151539130366,11.30616,0.6941738
1237657584942514309,22.584203498028,-0.889022793056461,5.188351,0.8066063
1237657584942514315,22.5886260242255,-0.962498959224521,7.810006,1.019858
1237666492704293784,327.628416502124,-0.983829802648186,18.0168,1.757088
1237664972285935718,232.82512241739,24.082054845325,5.156662,0.9932003
1237668647170081139,176.389205124627,20.7737014366554,7.360004,3.294851
1237645876861337700,336.717612456684,-0.935380104572762,5.998168,1.46571
1237661957218829248,193.705145590977,51.0163809722048,7.359121,0.2745419
1237669516361270584,344.249886404155,5.87094805208173,11.30491,0.4887161
1237663228529803796,245.995093970315,75.4886866163811,7.358231,1.627687
1237671066844464454,22.225410429182,38.2498286931458,7.359258,2.026794
1237668647170081564,176.368868282146,20.6904186628518,15.8367,0.5629425
1237664972285936359,232.787962822955,24.160393421338,11.30749,2.06036
1237661351628505697,164.833352934516,54.5314861235369,11.3065,1.827309
1237661351628505700,164.765541681339,54.669881165214,7.35933,1.759104
1237679433440886998,351.209113868816,-3.58121718338959,5.550031,1.067005
1237661351628505710,164.832283325271,54.5737315929915,7.35933,0.7742863
1237656850502779282,343.567737284831,-0.952481725570339,7.358258,0.7777348
1237661351628505736,164.879729991669,54.5373308267628,7.35933,4.344799
1237661351628505739,164.815054147986,54.6656269671325,7.35933,1.013083
1237661351628505757,164.826101942002,54.6852692764395,7.35933,1.508497
1237657584942580039,22.7413387195482,-1.01002250454842,7.359328,1.44829
1237661351628570726,165.058814217373,54.6229641203229,5.100643,1.210091
1237666492704359205,327.67533354835,-0.847502126499901,7.357218,1.250158
1237680263996244033,350.775826839798,-6.9794004758643,14.98666,8.655336
1237654866228283333,118.426678947743,-1.92526185546201,11.30663,0.9590054
1237662695954580139,216.66871424606,31.8481400097961,7.358246,2.716526
1237662695954580155,216.673668216002,31.8236875870945,7.358246,1.487144
1237662305648116449,201.865991120707,40.4724960681705,7.359334,-0.3028412
1237662305648116464,201.907778811539,40.595311960304,11.30651,-0.5920601
1237661351628571087,165.121231603216,54.5724213574603,11.30324,0.4679813
1237666300525150639,340.786041565792,-0.2084353098761,5.004194,0.9581795
1237662695954580507,216.711776998373,31.9124743013799,11.30483,-0.008073807
1237662695954580510,216.73126774,31.8524804417253,43.76405,0.4026165
1237662695954580524,216.815198246065,31.8218766745501,11.30483,1.965939
1237662695954580529,216.679605337474,31.9001663095911,18.01702,1.367346
1237662695954580530,216.71695176189,31.9537720393278,18.01702,1.202749
1237663228529934378,246.959351447728,75.807881551315,8.797809,0.6868649
1237662695954645096,217.020631093789,31.9402024394454,17.36965,1.026208
1237662695954645100,217.007948899002,31.9308392452403,5.23405,1.151949
1237645876861403733,336.85690002738,-0.933822041440451,7.357275,0.7419472
1237655549129327598,238.86008140653,-1.04851414454226,7.356497,1.036964
1237659234211594308,254.117381876519,-1.07632658024113,11.61701,4.968978
1237654187634524217,173.407037788478,-1.10040736469821,27.93058,1.180937
1237658222745355497,82.9139194096435,0.769108657122469,7.35776,1.751738
1237661351628636178,165.15614078319,54.7688283918795,17.47659,0.9357243
1237661351628636179,165.148222815346,54.767463872667,17.11002,0.2351513
1237654866228347854,118.625956659007,-2.0364902665963,9.233472,2.072163
1237654866228347857,118.627948620357,-2.03478542020686,7.358804,3.800896
1237671930133021478,158.713577271374,8.08389488793771,258.3893,2.227655
1237645876861468853,336.982591920231,-0.998393577078736,7.356841,2.278913
1237651494678562062,112.547637138599,34.1135950714556,7.359231,1.222982
1237661957218960266,194.229285594411,51.0489432354605,7.359869,1.60438
1237661351628636853,165.349717377299,54.6339193892931,11.30645,1.132086
1237662305648181920,202.045071979064,40.5198431272602,7.359213,0.2449703
1237662305648181928,202.010896748559,40.3802052470656,18.01939,-0.08117676
1237662305648181930,202.023864789383,40.4275305831254,11.30632,0.6275826
1237645876861469410,336.983779512404,-0.825801031310499,11.30268,1.79188
1237679433441083730,351.661797295118,-3.52321644736527,258.4184,0.8745022
1237679433441083731,351.662379855241,-3.50305088003273,8.486848,1.317951
1237679433441083733,351.666247257904,-3.6362760602879,7.360084,0.6825161
1237657584942711338,23.0779907632672,-0.866893264458621,7.35664,0.515501
1237657584942711359,23.0882969670944,-0.915060584479837,7.35664,1.07482
1237671930133086561,158.833883282832,8.04534280250134,5.402135,0.2995052
1237671930133086575,158.834416192741,8.11479001618934,11.30654,-1.919117
1237668647170277633,176.882335137917,20.7619223694802,5.057413,0.9517822
1237666209237106819,250.413302662273,28.4870997508582,8.726067,1.830442
1237679433441148945,351.821464160151,-3.49015788401648,27.925,0.253952
1237654187634720896,173.789767691711,-1.04701342363711,5.63491,1.57122
1237654187634720902,173.801926983288,-1.00006541894985,7.35903,0.4730434
1237674893660327627,304.310997733156,29.7471288357421,7.358724,1.860771
1237658222745420934,83.1410402528999,0.719243798637,11.30632,1.084839
1237654187634721119,173.856251428392,-1.11813686773153,11.30604,0.5703888
1237669516361465882,344.729092339373,5.95908364814698,18.01849,1.139215
1237666209237107442,250.482134635355,28.5702255407956,7.361126,1.108105
1237666209237107447,250.469812558381,28.4984674360994,5.246734,0.8471832
1237671066844595108,22.3024476261904,38.4724417149673,7.357651,1.270433
1237669516361465902,344.762589327683,5.78542085744148,7.358845,3.84856
1237664972286198441,233.415462429315,23.8086193790985,7.357468,1.160675
1237671930133152070,159.02912286692,8.07394755463087,43.76939,0.3596916
1237671930133152105,159.097852958313,8.13917946281486,5.61061,0.8524475
1237671930133152106,159.099545663534,8.14469111082772,11.30621,1.898127
1237668330951017292,212.580507132889,14.6927885184199,7.35941,1.720175
1237660191987728477,310.641730270458,-1.07691855335567,8.173791,1.219955
1237651494678627715,112.649310684766,34.1977786092846,27.92362,1.545805
1237667725360496834,82.7876166731791,8.21716125506185,11.30361,3.010492
1237667725360496849,82.8903862054252,8.20689062251996,6.203712,1.374172
1237645876861600036,337.208637387945,-0.898894079010724,7.358075,0.6951962
1237679433441214841,351.978969160047,-3.56191702345874,5.732094,0.7974262
1237661957219090813,194.577835043246,50.9956294828876,7.009334,0.4169502
1237661957219090825,194.579043702979,50.9368494190276,7.360302,0.8739796
1237654187634852121,174.185957708601,-1.11241839021563,7.359308,2.044306
1237654187634852134,174.197508589079,-1.11666947206003,7.359308,0.8488159
1237680263996440809,351.08703046534,-6.95192905922164,7.359618,0.2740173
1237678578742396446,329.402500767619,19.4994505519706,68.30443,1.423946
1237654187634917536,174.258424527454,-1.05296620568396,7.359383,0.8091736
1237654187634917537,174.25934895209,-1.09040562453967,7.359383,0.7213364
1237656850503041630,344.184333613755,-0.858288548728004,7.357521,1.450678
1237656850503041639,344.192579779108,-1.00454473655093,7.357521,2.207916
1237661351628767816,165.709504607523,54.6934284974015,11.3028,0.9661827
1237661351628767822,165.727508893557,54.6835811147443,18.01378,1.031052
1237661351628767827,165.722645106361,54.7054062252812,11.3028,1.214909
1237669516361466984,344.827028168124,5.90288630065656,7.358845,1.755182
1237662695954777145,217.370005257178,31.8328203620335,11.30526,1.522169
1237658222745486258,83.2648346841387,0.780809885827076,5.512451,0.5910034
1237658222745486259,83.2678914099894,0.781576679187369,7.359241,2.731339
1237666300525282339,341.100022437417,-0.0210807294985386,11.3043,0.899107
1237661351628767949,165.812720314821,54.8089972683027,7.356921,1.811922
1237662305648247943,202.151532559022,40.5299012209481,7.359369,0.4740238
1237678578742461203,329.535800451563,19.6456939082767,5.776493,0.493578
1237680263996506496,351.289797674096,-6.95396481959637,5.503295,1.861254
1237680263996506504,351.293392401567,-6.93064895009937,11.30916,0.920229
1237678845030368160,314.432384578252,5.26480382039311,7.356681,2.601534
1237650004325171710,326.822486040226,-1.20755850572038,7.359006,0.6436539
1237650004325171712,326.825414866693,-1.25319116901659,7.359006,1.078583
1237680263996113258,350.369359541468,-6.90697736513049,7.357767,0.882946
1237680263996113260,350.370419499809,-6.92409523493348,7.357767,1.002029
1237666300525019576,340.492564348236,-0.125689292002589,7.358108,0.9483643
1237666300525019583,340.497703286386,-0.0548326429410536,7.358108,0.6415386
1237665427552403745,193.510194107884,28.7230510462346,11.69915,0.3263416
1237666492704293214,327.657115829509,-1.04227063680434,7.390578,1.267954
1237663228529738355,245.346401241503,75.5171554103141,27.92037,2.181248
1237663228529738360,245.607786717751,75.417311373918,11.30575,1.873045
1237663228529738361,245.36365436046,75.5231350346373,7.358841,1.079639
1237668330950754929,212.017021587035,14.7153206181261,18.01741,-0.8152256
1237650004324844342,326.122521977723,-1.1864050832291,7.36112,1.391811
1237668330950755275,212.007375036505,14.6667070715788,7.358405,1.930248
1237666492704293900,327.581749915762,-0.972987701137402,11.30469,-0.3493004
1237666492704293908,327.592309044216,-0.956712472316479,18.0168,3.117346
1237680263996178552,350.486948468485,-6.93070420432955,11.83402,0.8702116
1237657584942514496,22.5415260020641,-0.897070754085567,7.359138,3.652796
1237666209236911167,250.01120838294,28.6407740551878,68.30295,1.985174
1237657584942514558,22.6105701934301,-1.00911329372354,11.3062,1.507135
1237657584942514570,22.6197317140887,-0.905167561532469,7.359138,1.65337
1237657584942514575,22.6193911527326,-0.848678495628506,7.359138,0.7852116
1237663228529803647,245.816087311699,75.5998822624225,7.358231,1.27718
1237663228529803665,245.840278532789,75.6218907296009,11.30481,0.829916
1237660750333019373,66.2847884378387,22.6863290452447,7.359955,1.015017
1237678845030237353,314.067946937271,5.20580474925517,6.586021,0.9458523
1237672131997598491,276.616035018848,13.8446728016787,22.12822,1.502432
1237663228529803872,245.999701864613,75.6184684848932,18.01699,1.362637
1237663228529803886,246.076946634197,75.6053829331017,7.358231,2.988836
1237666492704358608,327.712231363638,-0.847925292445511,12.9683,0.8540506
1237657584942514913,22.6704686083231,-0.936750063406053,11.3062,2.093962
1237657584942514915,22.6724756836475,-0.892629445321414,11.3062,0.5481396
1237651494678496751,112.398678681363,33.9727741619622,11.30673,0.5643272
1237679433440887077,351.293818526843,-3.54643217434607,11.91899,1.083172
1237679433440887079,351.296138684859,-3.49866106696188,6.651455,0.6008091
1237666209236976145,250.04115319526,28.578518146983,27.92204,0.6365242
1237666209236976149,250.035131835927,28.5466224473562,68.30749,1.951355
1237666209236976154,250.065757089298,28.658784509918,106.7296,0.5396214
1237666209236976160,250.042565262583,28.5477724733057,7.359282,0.6407833
1237664972286001385,232.975057270396,24.0995191045806,17.73048,1.411175
1237664972286001398,232.941287363259,24.0777388990357,7.164063,0.6254883
1237669516361335357,344.410468944011,5.84058389235386,11.30541,0.1767082
1237666300525150345,340.746240404667,-0.168572482972899,6.419994,0.7864933
1237666300525150355,340.765041019775,-0.143564797672869,6.562174,0.9326534
1237662695954580282,216.806915536439,31.9285135938366,7.358246,1.529785
1237662695954580286,216.801695270261,31.9010729332343,7.358246,0.6305981
1237662695954580291,216.796006832519,31.8696590407614,7.358246,1.589743
1237662695954580305,216.798293319698,31.8516489939683,7.358246,1.523823
1237667725360168962,82.7822887565493,8.97200219189333,258.4142,1.658968
1237667725360168972,82.7801537803659,8.94430243992823,27.92464,4.274309
1237655549129327210,238.793540921264,-1.07972308492135,7.356497,0.7985859
1237655549129327223,238.802539303488,-0.984823851554236,7.356497,1.164417
1237663480321607843,308.371662048864,0.880215348807026,5.903698,1.293142
1237661957218894781,193.897563771244,50.9957406150856,68.30867,2.020655
1237659234211530862,254.073887913557,-1.08552159573217,11.30516,3.485519
1237659234211530876,254.080439942748,-1.07331310968995,11.30516,1.161364
1237680263996244432,350.704103777255,-6.92191653717606,11.30826,0.2550716
1237680263996244454,350.713734417699,-6.97394749270456,11.30826,0.4359722
1237651494678561455,112.582501523114,34.1268284482841,6.057845,0.3208275
1237663228529934407,247.012608085626,75.8280079080993,27.92702,1.371603
1237654187634458988,173.27738004211,-1.07982948798896,5.790061,0.8670597
1237654187634458990,173.280657297333,-1.08750805608846,6.062523,1.317173
1237654187634458992,173.284113738862,-1.14548550658758,7.360477,0.9235649
1237654187634459004,173.306360463268,-1.02095665368561,7.360477,1.066475
1237660191987662974,310.511704639335,-1.15774510216268,27.92309,6.326439
1237668330950885814,212.256317691246,14.6967485057658,7.3245,1.580938
1237668330950885822,212.254374164338,14.6727530635465,7.248906,0.8997784
1237671930133021134,158.732139334649,8.05129015194506,258.3893,0.1272068
1237671930133021149,158.745170640585,8.07867708398201,258.3893,0.9123821
1237671930133021154,158.761932912487,7.9733111930548,7.359257,0.7721233
1237662695954645321,216.894748138491,31.8994017443198,7.357577,1.376619
1237662695954645335,216.909907936625,31.8907143844111,5.389335,1.439009
1237678578742330450,329.227959944709,19.4259087101761,7.358742,0.7600861
1237656850502845056,343.79044217244,-0.881004532195583,7.358242,1.493822
1237656850502845062,343.79618225011,-0.947664460205065,11.30483,1.204781
1237667205668866672,71.4075357283504,56.7964776953775,7.779563,2.137239
1237668647170212284,176.725064480975,20.8351819375814,7.35887,1.051086
1237654187634524483,173.399127003887,-1.04366801601475,5.814168,3.000803
1237654187634524496,173.4135952628,-1.15090264465819,11.30989,1.278278
1237667725360234941,82.765168812662,8.76310648138268,7.358622,1.611393
1237667725360234944,82.937133925921,8.81783704730893,11.30541,-2.544205
1237650004324975358,326.362926174851,-1.07147303298498,7.360235,1.272284
1237650004324975369,326.370487041949,-1.15069707092881,11.30789,1.390129
1237668647170212485,176.809135929278,20.6683312074202,7.35887,1.583179
1237656850502910354,343.91084462031,-0.991101824695477,7.35593,1.17766
1237667205668867233,71.3001357458889,56.9218724345287,43.76756,7.459719
1237645876861469257,337.027286740522,-1.02055007791823,7.356841,0.3575058
1237645876861469441,337.010277620942,-0.846855246337015,11.30268,2.027834
1237679433441083800,351.738633986497,-3.64727018475068,6.003704,1.079134
1237679433441083801,351.741700743664,-3.48978223217819,5.339921,0.5283127
1237679433441083817,351.601030238383,-3.49261535692533,258.4184,1.336164
1237665427552600278,194.075362372885,28.8390853706883,7.35974,1.792702
1237671930133086779,158.957998941709,8.07538944863702,7.359358,2.241047
1237671930133086796,158.964467833213,8.11985413803371,7.359358,0.2422295
1237671066844594493,22.3474489950501,38.4420505287098,5.603701,1.073841
1237666300525216353,340.848192787769,-0.155026566838347,7.354585,2.040813
1237671930133087129,158.931614872999,8.02073661680712,11.30654,2.219612
1237671930133087142,158.957796395288,7.95083770817164,11.30654,0.5189152
1237671930133087143,158.955553053582,7.98914669459142,7.359358,0.6343727
1237671930133087147,158.965380567777,7.98146335039068,11.30654,0.5669651
1237671930133087149,158.96661681478,8.02346745212339,7.359358,0.5531635
1237656850502975811,344.040058480788,-1.05298440988176,7.357592,0.628952
1237654866228348905,118.627274759809,-1.88802765361292,166.5115,2.042459
1237654866228348909,118.638784265767,-1.93440052106464,11.30569,2.15333
1237655549129393124,238.949147819385,-1.10410060741275,7.358404,0.8533611
1237663228530000556,247.444589388554,75.8592743540659,11.30543,1.494993
1237663228530000558,247.75975433602,75.7324694880079,7.358634,1.545208
1237663228530000572,247.718999067116,75.7803214733783,18.01797,1.755707
1237663228530000573,247.656622297817,75.809620140867,7.358634,3.421507
1237663228530000584,247.597708091316,75.8572448438076,11.30543,1.718903
1237671066844595268,22.3096389332376,38.5365050855197,11.30392,1.336952
1237678578742396028,329.420938282008,19.6162753876406,7.358953,0.7474709
1237660191987665071,310.58792630598,-1.13204140969873,7.359559,0.9992104
1237671930133152150,158.992275191373,8.07659508102743,11.30621,0.05252075
1237668647170342963,176.998068696508,20.7952007059809,17.85172,0.891181
1237668647170342964,177.000704444222,20.805389380447,5.335681,0.5262833
1237661351628767405,165.815681024158,54.795362201976,5.608436,1.700106
1237661351628767406,165.81433364122,54.7933684283391,5.854619,1.481339
1237666300525281568,341.12185044632,-0.00510798038759623,5.380649,1.570379
1237662305648247592,202.332529633546,40.4858044258332,7.359369,0.8658504
1237673708786288583,121.213490512732,-9.2044890348365,18.02111,-6.908352
1237661957219090766,194.530260062114,50.8670217221218,18.02206,0.8061428
1237666492704555658,328.205627447645,-0.924295780315595,7.358632,0.6720524
1237669516361466521,344.753780082756,5.90528541654962,7.358845,1.151527
1237645876861600193,337.231717767363,-1.0098846695189,7.358075,0.3005638
1237663228530066182,248.55792491581,75.8364182530545,7.358832,1.300627
1237662695954777060,217.307546264912,31.8248856464329,7.358522,1.188679
1237662695954777065,217.253825073936,31.6885083897587,7.358522,0.9756508
1237661351628767763,165.891968786907,54.8084455308863,11.3028,-0.1014881
1237661351628767774,165.859547031706,54.9014360165048,7.356921,0.7236767
1237663228530066327,248.250935470614,76.0019616547413,7.358832,2.096855
1237658222745486170,83.2320180074826,0.754587590765907,7.359241,1.602049
1237664972286264113,233.56529647445,23.7378512677955,7.359788,2.887564
1237657584942842273,23.4257434689925,-0.956352847917721,5.33599,0.4925289
1237657584942842274,23.426914155582,-1.0119008501874,11.30548,1.160921
1237665427552731825,194.450984283973,28.6937128956228,7.359364,1.466528
1237665427552731832,194.461260407304,28.7771095586292,7.359364,0.7206764
1237669516361531412,344.854003941633,5.94533184041518,11.30611,-1.258873
1237678578742263828,329.0103431255,19.3847933386599,8.297217,0.6844349
1237678578742263831,329.011301697378,19.3870900833372,6.763253,0.5277748
1237669516361269304,344.303868301586,5.77118660573838,18.01715,2.103441
1237661957218828388,193.643267073334,50.9408701944552,5.681133,1.050333
1237661957218828407,193.735065962227,51.0265969602535,5.472601,0.3568306
1237667205668864415,71.3305868082683,56.8512945858241,16.02037,8.745319
1237668330950754590,211.941292713636,14.7880754466008,6.920588,0.4714222
1237656850502713598,343.509909745445,-0.944807347609326,18.01773,1.216684
1237656850502713601,343.514714106401,-0.932081942633664,5.851222,1.216389
1237663889954112148,20.3315482149436,-1.2351778524974,18.01926,1.281809
1237667725359972571,82.9584177892291,9.43507855781218,11.69931,1.305359
1237667725359972581,82.853688193922,9.4266516946856,6.315235,0.6259365
1237671930132890293,158.383848272455,8.01589870393416,7.357589,1.058796
1237671930132890302,158.396619666434,7.94171434236947,11.30383,0.9290791
1237671930132890306,158.386582677944,8.0989153178357,7.357589,-0.03024483
1237672131997598018,276.640218301981,13.7445219766823,5.502522,1.135508
1237656850502714018,343.405422219527,-0.890358888249667,18.01773,1.605827
1237656850502714027,343.410545294847,-0.885318252188031,43.76578,0.8750877
1237656850502714237,343.475426043937,-0.848516971558053,18.01773,2.098127
1237656850502714239,343.481937777635,-0.981420275178913,7.358536,1.46748
1237656850502714252,343.509620741745,-0.878110609584386,27.91921,0.550684
1237656850502714253,343.509878148264,-0.999147836806086,27.91921,0.6226158
1237666209236911159,249.931450197621,28.6843695886559,68.30295,10.868
1237662695954514770,216.642303508368,31.8406241430035,11.30597,1.245872
1237660750333019483,66.2668426358438,22.746152670306,7.359955,2.204565
1237666300525085011,340.583600044903,-0.141594819761077,7.358091,2.551628
1237663228529804041,246.26941542907,75.5140589076688,11.30481,1.875492
1237663228529804052,245.961680538868,75.6768723514227,11.30481,0.7265835
1237666492704359122,327.775866324767,-0.876084839722425,11.30326,1.368763
1237666492704359145,327.794222059263,-1.01625680300118,7.357218,0.4457893
1237662695954580041,216.84057527031,31.9637500987677,7.358246,0.6453934
1237662695954580043,216.801460660995,31.8663145936145,7.358246,1.270893
1237662695954580052,216.815412184248,31.881361150445,7.358246,1.69957
1237671930132955879,158.60056144201,8.06032208748706,11.30486,3.02463
1237666209236976441,250.075260970986,28.5529523029765,43.77022,12.58979
1237666209236976445,250.066103729046,28.5087283315983,43.77022,1.242443
1237669516361335481,344.465446957475,5.92179184481484,27.91953,1.711185
1237656850502779631,343.612139672061,-1.03060834227823,7.358258,1.400948
1237656850502779635,343.615245302831,-1.02497330916565,7.358258,1.337765
1237656850502779636,343.615148279699,-1.00040386211416,7.358258,1.118887
1237656850502779643,343.619380931846,-0.970713452720143,7.358258,1.620035
1237656850502779645,343.620825022138,-1.00383342811123,7.358258,1.309042
1237656850502779791,343.676538896349,-0.850443290466831,11.30485,0.1954041
1237656850502779793,343.679292351483,-0.858943354738666,7.358258,0.768589
1237656850502779798,343.695637861379,-0.85277989696651,7.358258,0.4587631
1237657584942580385,22.823664947577,-0.839912987773055,7.359328,2.000486
1237657584942580387,22.8274182067614,-0.836680673562717,11.3065,3.089993
1237657584942580390,22.8309462159718,-0.876850022954772,11.3065,-0.350193
1237661957218894815,193.973050953729,51.0768705970922,11.30662,1.567942
1237666492704359469,327.795845514994,-0.890498542757014,43.75794,1.0194
1237666492704359472,327.799910829747,-1.0381099670528,7.357218,2.856394
1237663228529869504,246.726041894659,75.6648845253992,7.359879,2.619106
1237663228529869505,246.723651005261,75.6680055717702,7.359879,1.081972
1237663228529869509,246.897878014598,75.5976789253356,7.359879,2.288174
1237663228529869510,246.836718346046,75.6246762784248,7.359879,1.777664
1237663228529869518,246.934777110876,75.5994592365791,7.359879,1.784348
1237663228529869521,246.905792077389,75.6174272676587,11.30734,1.497652
1237661957218894859,194.015409541974,50.9392125753714,7.359409,2.470295
1237661957218894868,194.052645745066,51.0428340761542,7.359409,0.3472538
1237652929198556980,309.028079265338,-6.8670463839002,11.30614,1.215269
1237646798131759221,108.046173929971,0.80071545015039,27.91567,2.389112
1237665427552534690,193.803521017364,28.817995481496,5.440372,0.6978607
1237665427552534694,193.804818007129,28.7865411367226,7.557292,1.345741
1237666300525150681,340.810289456937,-0.088901989332386,11.30326,-1.041086
1237666300525150695,340.820455096588,-0.136409208333424,5.440633,0.3547935
1237645876861403599,336.785742762217,-0.959278168892398,7.357275,0.9785881
1237645876861403609,336.79107792958,-0.872291948870844,7.357275,0.6591625
1237645876861403610,336.791695920125,-0.975932545270294,7.357275,0.5667477
1237665427552534888,193.934560076728,28.7546326681346,15.7169,0.2419987
1237661351628571356,165.162738295738,54.6259667158331,7.357207,1.621885
1237661957218959869,194.153399805434,51.0837253224573,7.359869,1.822611
1237667205668866711,71.4274433406499,56.8020000410291,5.295757,1.64979
1237680263996244900,350.714224023581,-6.89572022931954,11.30826,2.650682
1237680263996244904,350.715335320631,-6.96602964853959,11.30826,0.6645279
1237680263996244905,350.719236043461,-6.87420615933468,18.02248,1.646801
1237657584942646063,22.9734514108933,-0.926178392161153,18.01927,1.285225
1237650004324975173,326.399666959519,-1.08163508527373,18.0219,0.9049187
1237658222745355756,83.0144612323555,0.797864353918989,27.91627,1.285997
1237661957218960069,194.274181438595,50.8788969440059,7.359869,0.4452534
1237661957218960074,194.289671018629,50.9488812899245,18.021,1.369394
1237679433441083398,351.643450435147,-3.6510130698756,29.07805,0.9626999
1237679433441083400,351.636051797361,-3.65297621739069,7.244487,1.335119
1237660750333085185,66.3043317393594,22.9403928780669,7.357801,1.996889
1237662695954645938,217.008045111482,31.9171829051132,11.30381,1.008686
1237661351628636933,165.403656021883,54.6905280883205,5.351269,1.870834
1237661351628636946,165.390018137823,54.7660469943038,11.30645,0.7173519
1237680263996309919,350.832879894193,-7.0435933090172,5.523064,1.469971
1237650004324975544,326.396177666102,-1.09439492798761,7.360235,1.745686
1237657584942711313,23.0563041706356,-0.853762201233324,7.35664,1.205406
1237657584942711317,23.0597266465161,-0.990701715640147,7.35664,0.7369728
1237657584942711321,23.0639863356616,-0.86010352531411,7.35664,1.994267
1237656850502910526,343.879844690207,-1.0040208672471,7.35593,1.639217
1237656850502910529,343.882254247468,-1.02484326826293,7.35593,1.360294
1237656850502910540,343.892983451059,-0.90929760607838,11.30128,1.92927
1237656850502910548,343.903851244862,-0.966313747184433,7.35593,1.561687
1237668647170277564,176.903573734059,20.8620256009498,7.484282,0.7684612
1237668647170277571,176.915764332331,20.7842298459526,6.545332,0.3769703
1237650004325040635,326.505463124809,-1.20779973765601,7.359641,0.8094006
1237650004325040643,326.510194192451,-1.08129661224334,7.359641,1.145123
1237656850502975777,344.011701867049,-0.9517790033806,11.30383,1.322786
1237656850502975784,344.015530613753,-0.987274814670448,7.357592,1.028681
1237665427552600783,194.075317343239,28.7870760250091,7.35974,2.039469
1237678578742395579,329.427232039137,19.5983307705437,5.942327,1.403027
1237680263996375403,351.001742915257,-7.01365865042481,11.30608,0.6433601
1237663228530000775,247.887360543685,75.7670567297846,11.30543,2.660706
1237656850502976214,344.046500613879,-0.913898302186344,7.357592,-0.0301857
1237656850502976216,344.04701239034,-0.901239341675036,11.30383,1.40807
1237656850502976236,344.090025824787,-1.05026231081546,27.91563,1.194294
1237656850502976245,344.097391270101,-1.01290550438678,11.30383,1.671675
1237669516361466239,344.712746531903,5.8354579902002,258.3748,9.391525
1237654866228413021,118.847519304897,-1.87770222926828,27.92173,0.9724636
1237664972286263433,233.498319110573,23.8795724855405,6.389256,1.144751
1237654187634851961,174.10588830407,-0.991351653977835,6.772359,0.3628654
1237656850503041357,344.167644724208,-0.870648578228924,7.357521,0.4776611
1237654187634852106,174.16070565282,-1.01175919929965,11.30647,0.4232655
1237667725360496864,82.8720688546243,8.19991983571446,5.077841,1.963694
1237667725360496869,82.9564567025431,8.19612413413807,9.633776,1.318651
1237664972286263594,233.540038069934,23.9114406205611,11.3072,0.5924377
1237666492704555580,328.133207709593,-0.984784276686061,7.358632,1.031712
1237661957219090848,194.618099704112,50.9954750724329,7.360302,0.9790154
1237657584942776975,23.2365383496813,-0.886664498046377,7.35891,1.918402
1237657584942776991,23.2510240158375,-0.840779489278092,7.35891,1.25305
1237645876861600276,337.282185607289,-0.845449097367126,7.358075,1.008842
1237668647170343654,177.095597007627,20.6841925821314,7.359027,0.9073334
1237679433441280052,352.058950686643,-3.6577985280428,7.35977,1.256414
1237679433441280056,352.083179923799,-3.6704949617963,258.4073,1.444599
1237645876861600686,337.302438406004,-0.864420272780835,7.358075,1.277931
1237664972286264040,233.565920223075,23.8227587618982,11.3072,4.231552
1237662695954777313,217.204180101211,31.7671197206495,7.358522,-0.05852318
1237662695954777317,217.29189961405,31.8124895010797,43.76569,2.47352
1237669516361467166,344.785133135877,5.95361905214399,11.30575,1.700605
1237669516361467174,344.793229952348,5.98442134168002,18.01849,1.330814
1237668647170408659,177.164734432354,20.7982083123383,5.731891,1.190184
1237678845030368008,314.383681257037,5.28541575450782,6.244568,1.401417
1237669516361531456,344.950688562685,5.8457726604036,5.277837,2.095282
1237656850503106692,344.401115658674,-0.864297451701723,10.78372,6.452984
1237673708786221331,121.058170463399,-9.20524262134957,5.456727,1.87887
1237673708786221344,121.120452710892,-9.30256252643623,8.58623,1.061186
1237645876861272379,336.439764895586,-0.945861325221265,18.01363,0.8572464
1237663480321606039,308.393902785151,1.04944178402273,7.35875,2.947773
1237678578742264275,329.093040578676,19.4984251321972,11.30564,1.089706
1237678578742264279,329.118065972519,19.4185727047469,10.53544,0.7733097
1237667725359972404,82.9346596186338,9.36836680915368,8.366408,1.348455
1237662305648050541,201.579600111844,40.6325278491439,11.30642,1.1028
1237654187634262041,172.84116642603,-1.02527484921393,11.30743,0.3380814
1237666300525019824,340.461916418668,-0.0852857353481301,18.01669,1.825134
1237652929198555188,308.986094124364,-6.8546893625705,18.96905,1.418146
1237652929198555190,308.978267375937,-6.86940544452543,7.267555,0.8995781
1237666300525019846,340.471581503616,-0.165824101323385,7.358108,0.7788715
1237666300525019857,340.480235486726,-0.0275852130757303,7.358108,1.578228
1237666300525019861,340.482598907034,-0.102023010884187,27.91759,1.769938
1237661351628440119,164.452562812173,54.5339178318889,7.359102,2.224123
1237661351628440127,164.48493476661,54.4987198583721,11.30615,1.704309
1237661351628440128,164.485476882012,54.5043278435503,11.30615,1.68358
1237661351628440130,164.45974080171,54.54980430639,11.30615,2.202124
1237661351628440137,164.511143661287,54.4663480490969,7.359102,1.350025
1237661957218828912,193.811407042559,50.9717958468276,7.359121,0.2902813
1237661351628440296,164.608688954143,54.6648870378269,43.76915,1.293438
1237668330950754984,212.052029093467,14.7763434199318,7.358405,0.8343792
1237671930132890284,158.379662035113,8.03561156733259,7.357589,1.201048
1237662695954514605,216.54431170287,31.9385523858581,7.358984,0.9652233
1237662695954514621,216.558423535763,31.9425501076047,7.358984,1.160498
1237652929198555573,309.044543173425,-6.78532993581028,7.359095,0.9116497
1237650004324844544,326.109312948881,-1.15011451471467,7.36112,1.266497
1237680263996178635,350.513171185871,-6.85225515063759,7.105625,1.369902
1237650004324844679,326.03324319696,-1.08178275497021,7.36112,-0.8008785
1237650004324844683,326.037067828335,-1.21152553837436,11.30925,0.3453197
1237650004324844687,326.041428163608,-1.0889791182676,7.36112,2.307667
1237663228529803676,246.055094144318,75.5549796886551,7.358231,0.8014946
1237662695954579482,216.67959188631,31.8695117907073,11.55771,3.192218
1237679433440886802,351.202382999951,-3.52239059086583,5.792915,0.8970222
1237661351628505500,164.765873239634,54.6260448691754,7.35933,1.529604
1237645876861338178,336.702148852075,-0.851479000474208,7.357122,0.4611359
1237645876861338190,336.708830383765,-0.851512887463586,11.30311,0.7795868
1237668330950820183,212.071793423576,14.7297068528777,7.358715,-0.3366814
1237666209236976049,250.152963740199,28.6694557433038,7.359282,1.508724
1237657584942579793,22.8061647348546,-1.00515439017969,11.3065,6.480064
1237662695954579717,216.83140374621,31.9437933308691,6.628418,0.4041557
1237661957218894188,193.855696736508,51.0803400877823,11.30662,0.4291039
1237665427552469462,193.714240980655,28.7594891627887,7.360333,1.767303
1237668330950820308,212.169145526201,14.8188301444769,7.358715,0.4600334
1237668330950820318,212.170529450894,14.7589658846402,7.358715,0.1606159
1237668330950820321,212.177938037263,14.8017425587872,6.825203,1.638338
1237667725360103641,82.8141795281283,9.09728252019743,7.35805,1.910034
1237645876861338560,336.601456325754,-1.03342452694825,11.30311,0.7570171
1237666209236976420,250.082235694386,28.6660389262318,7.359282,1.062078
1237657584942580212,22.7337707839044,-1.0116326391591,7.359328,1.633337
1237657584942580217,22.7398484898046,-0.926624079334214,11.3065,1.339134
1237662695954580222,216.758223246828,31.9279108296452,11.30483,2.34894
1237662695954580228,216.759174280186,31.9153272910232,11.30483,0.9290466
1237662695954580231,216.781157162176,31.9617189226982,18.01702,1.762671
1237671066844529053,22.2441148632168,38.4433107314381,13.61165,8.533733
1237655549129327134,238.74444098308,-1.00737680735636,7.356497,1.041889
1237655549129327170,238.764110043914,-1.03664533307646,7.356497,0.8615627
1237666209236976631,250.07844337921,28.6851379257936,7.359282,3.826792
1237666209236976636,250.059567760628,28.5698978452797,43.77022,4.402199
1237666209236976637,250.057246235895,28.5709703140765,7.359282,1.293571
1237656850502844587,343.811232377414,-0.890408427821924,7.010594,1.095312
1237679433440952768,351.36669453657,-3.52824910204075,11.30768,2.004982
1237679433440952780,351.38175822146,-3.55345768554444,7.360097,0.8474751
1237655549129327403,238.749709909331,-1.08459220955161,7.356497,0.6683311
1237655549129327424,238.761819026852,-1.07285886499233,11.30215,2.143547
1237655549129327560,238.839655699551,-1.10140186705689,11.30215,1.346001
1237656850502844782,343.737629075444,-0.946663738470553,8.611938,0.5863228
1237656850502844791,343.738626452498,-0.994689871644672,11.30483,3.625923
1237656850502844795,343.742058217544,-0.995919468795967,11.30483,0.4850616
1237680263996244580,350.763541196466,-6.86562665132502,18.02248,0.5166149
1237667725360169374,82.8097024197295,8.96514246637603,6.047912,1.68335
1237667725360169379,82.8148586986922,8.96208465611017,6.352935,1.823389
1237667725360169380,82.8846983064545,8.9599037877616,5.792284,1.57847
1237663889954243276,20.6680044089823,-1.09155661492829,7.358817,0.5550423
1237678578742330421,329.196071039882,19.4832302364705,5.032487,0.8621578
1237678578742330430,329.17303317442,19.5911788588869,7.358742,0.5225124
1237680263996309512,350.787212295618,-6.91021739497048,11.30795,2.539164
1237680263996309524,350.796221122249,-6.8829203867799,13.75968,8.396381
1237657584942646047,22.8433786991349,-0.893697521132479,11.30625,0.7988949
1237650004324975129,326.370726815094,-1.24021993653664,11.30789,0.7182369
1237656850502910090,343.958028666834,-1.00588272405823,5.226256,0.5324955
1237666300525215937,340.988800589952,-0.191850037996447,7.354585,1.1884
1237662305648181640,202.125930091956,40.4812708247759,27.92178,0.3203793
1237661957218960340,194.289384243322,51.0523771794037,27.92427,1.329857
1237678845030302485,314.224979036523,5.21878265601515,7.357644,0.4265709
1237666209237042080,250.255541539686,28.5612229972562,106.7374,1.03227
1237666209237042088,250.259306590572,28.5495980073349,166.5345,0.8429775
1237663889954308734,20.7826333278,-1.06939573902135,7.358018,1.569971
1237663889954308746,20.796880528372,-1.15125608716002,7.358018,1.311623
1237663889954308754,20.8059119361015,-1.1792099809659,7.358018,1.824718
1237663228529935094,246.888468094577,75.7746198543374,7.360594,-0.2083187
1237663228529935112,247.082949586866,75.732314296167,7.360594,1.630186
1237651494678626332,112.721371013233,34.1558309397043,43.77269,0.9404535
1237651494678626333,112.715522701929,34.1590124514557,14.99249,2.080605
1237651494678626349,112.529751911498,34.2538621822902,7.359697,0.9201202
1237680263996310250,350.879383729893,-6.98765977143412,7.360272,0.9240761
1237680263996310253,350.88513497577,-6.89687084886523,7.360272,1.693663
1237680263996310277,350.901847794115,-6.99321768836319,7.360272,2.10877
1237671930133086883,158.883938877572,7.98304733833917,7.359358,1.240967
1237671930133086886,158.881133954586,8.04162219589566,7.359358,1.778229
1237666209237107133,250.361987263717,28.4580006393779,6.277172,0.8071861
1237645876861534593,337.071514768376,-0.910588245940121,5.770802,0.9701271
1237663889954374240,20.8535011643207,-1.11344606959857,7.357864,1.258711
1237663889954374247,20.8595974136102,-1.23499298085947,7.357864,0.6559982
1237666209237107425,250.45589721835,28.4963029603494,7.361126,1.192034
1237667725360431357,82.7696327231432,8.32855381797769,8.865468,1.430967
1237667725360431370,82.7799794990476,8.316564767133,7.064877,1.303913
1237667725360431375,82.9086807979175,8.31375045668264,6.764811,1.106148
1237662305648247230,202.195374070427,40.4937541375247,7.359369,0.5717411
1237666209237107576,250.370723447696,28.5182881814354,7.361126,1.544096
1237655549129393436,238.935088201973,-1.08462640238799,7.358404,1.952398
1237663228530000829,247.467692195288,75.8661136150697,7.358634,1.788494
1237663228530000839,247.501204078335,75.7515410659322,18.01797,-6.291565
1237659234211596256,254.155604527711,-0.944093056369502,11.30569,0.5654964
1237656850503041148,344.282892533954,-1.00626045146363,10.17193,0.9009581
1237654187634917421,174.378830705144,-1.02345037949479,7.359383,0.2894859
1237673708786288852,121.322318090661,-9.20010073949501,7.294329,0.5484447
1237668647170343531,177.13453906255,20.7270626471947,11.30604,0.9138565
1237668647170343538,177.132134424048,20.8410915662433,7.359027,-0.06286812
1237645876861600433,337.227971449304,-0.984751234667394,11.30457,1.47805
1237661957219091262,194.69880871834,50.9284123443451,11.30799,2.604208
1237663228530066111,248.148106207536,75.9019742775086,7.358832,1.788643
1237650004325106557,326.739651663567,-1.10337361674264,7.359525,1.766392
1237650004325106559,326.73835337547,-1.24920404901841,11.3068,0.7261047
1237650004325106568,326.745688272788,-1.07113982700862,11.3068,1.249908
1237650004325106574,326.750095321071,-1.27251519997679,7.359525,0.8272648
1237673708786289100,121.231162645658,-9.06625641392461,11.3074,0.8140373
1237668330951082500,212.823755705905,14.7325649951327,7.357886,0.5937653
1237667725360562596,82.8791153166683,8.06349619744535,11.3038,1.867788
1237680263996506277,351.36718875582,-7.07152692458376,11.30916,0.3140049
1237668330951082799,212.797656400507,14.6904882174234,7.357886,0.6248913
1237668330951082807,212.817596433629,14.7067695342987,11.30428,0.7786598
1237668330951082822,212.707562810903,14.7315879979484,11.30428,0.3410873
1237662305648312443,202.42580348339,40.3546244555873,7.359571,0.3960819
1237679433441280534,352.091458209822,-3.55997735486439,106.7367,0.5321541
1237667725359907023,82.8701457840144,9.55927503534274,7.358219,0.7189846
1237667205668864225,71.2873380145496,56.8012567463533,14.74239,7.735027
1237664972285870405,232.699145459045,24.2453056506257,7.507253,0.58251
1237664972285870416,232.675356793804,24.1681585067,7.359538,0.1555386
1237663228529738098,245.369288034728,75.4561537471682,7.358841,1.355982
1237680263996113297,350.382735266127,-6.92412375276246,7.357767,0.1302376
1237680263996113300,350.38272954094,-6.97812506473627,11.3041,0.4689312
1237680263996113305,350.384308626112,-6.95206941467767,7.357767,0.2903004
1237657584942449125,22.4291567174828,-0.971075142340784,11.30616,1.30731
1237657584942449126,22.430387469182,-0.982229022313629,7.359112,3.065336
1237652929198555367,309.025700976024,-6.70835111583967,6.898818,0.518774
1237666300525020051,340.465858329767,-0.0671432313932774,7.358108,2.864302
1237666300525020058,340.477736851691,-0.0766908005966327,27.91759,0.2228069
1237672131997598117,276.549799459248,13.8668520209761,11.30988,5.178549
1237654187634262423,172.862913495158,-1.0381626607442,7.359935,0.5808201
1237654187634262431,172.868560909628,-1.10661451047916,7.359935,2.83844
1237665427552404364,193.573290570766,28.6714712961588,7.360389,0.9399948
1237666492704293848,327.664559603863,-0.87120387740347,11.30469,1.191164
1237657584942514406,22.5825514346193,-0.954673077857601,18.01921,0.3104572
1237652929198555592,309.045151662897,-6.83233650197137,5.057037,1.05423
1237657584942514625,22.6701795918173,-1.02669529836631,18.01921,0.3917828
1237663228529803721,245.927049433054,75.6753286186763,5.123506,0.7863922
1237663228529803731,246.264660704844,75.5402837626846,11.30481,0.01862907
1237663228529803734,246.328875986805,75.517695569144,11.30481,0.8562603
1237661351628505371,164.782036056385,54.7215234222209,7.35933,0.5958786
1237661351628505374,164.827450469515,54.6808455346305,27.92222,2.776476
1237661351628505379,164.825702226831,54.7144363856914,7.35933,-2.257904
1237645876861337873,336.73221683568,-0.917679337910986,8.873398,1.496269
1237656850502779049,343.657819337983,-0.938616539050476,8.382197,0.546566
1237656850502779058,343.667049060577,-0.947102357004884,6.157548,0.4803371
1237656850502779063,343.669629222724,-1.00317407858472,7.358258,2.690948
1237661351628505515,164.775758399263,54.6692657886136,7.35933,-0.2161598
1237661351628505530,164.808688097642,54.670001833163,7.35933,0.7387085
1237668647170081554,176.348569453612,20.6985103481247,18.02133,0.34589
1237668647170081556,176.347063111631,20.7414546470941,11.30754,2.199965
1237656850502779088,343.552202950553,-1.02790576944809,5.622299,0.6446819
1237656850502779093,343.559244625534,-0.929953459513683,6.562252,1.247427
1237650004324909165,326.264708894461,-1.19373115531186,5.996608,1.084415
1237651494678496508,112.484893048591,33.9728596912628,7.359477,2.126789
1237680263996178915,350.573525117422,-7.05078309096818,7.358115,0.3571205
1237671930132955580,158.589912877171,8.01030112414287,7.35826,-0.7665691
1237645876861338364,336.646992001651,-0.997724231747914,7.357122,1.052143
1237673708786222740,121.051281371009,-9.26604439657046,8.241379,0.5094738
1237673708786222742,121.072732384691,-9.29418123988759,7.360054,-1.123869
1237673708786222748,121.011403709122,-9.1643898143981,7.360054,0.6891232
1237666209236976252,250.088133590218,28.5017139528736,5.882521,1.374741
1237666300525085478,340.582919293919,-0.137307897484356,7.358091,1.714134
1237666300525085484,340.592618383707,-0.20302639535671,11.3046,0.8005066
1237668647170146547,176.603317120048,20.7149495079783,5.98314,0.4473057
1237668647170146550,176.598719530278,20.8105531802131,18.0202,0.3119488
1237668647170146555,176.612597366312,20.7619181033965,7.47871,0.2580605
1237668647170146556,176.612768451976,20.8304628606747,8.08029,0.5276413
1237666300525085623,340.65370517905,-0.13323468684317,11.3046,3.884766
1237666300525085637,340.614951429315,-0.105097733163006,11.3046,1.310776
1237656850502779589,343.571794875914,-0.861387250514893,7.358258,0.9907722
1237660750333083859,66.4372602330172,22.9221691692257,43.76141,2.536787
1237663889954177832,20.5425244351766,-1.24095891887445,43.769,0.5935135
1237672131997599113,276.610082422812,13.9448512956747,5.804416,1.139479
1237663228529869425,246.562917087041,75.5888860302326,7.359879,1.958895
1237662695954580543,216.785072017179,31.9199575664905,18.01702,0.1151237
1237662305648116701,201.805492891188,40.5014074198255,7.359334,0.791523
1237662305648116703,201.812788525301,40.5264080722609,7.359334,2.628855
1237662305648116845,201.743824812323,40.4736902280915,9.209908,0.7197723
1237680263996244743,350.710645262077,-6.96956509670329,7.360472,1.637211
1237662695954645311,216.881360159136,31.9177363512031,7.357577,0.984333
1237657584942645792,22.8624048098787,-0.84127288336367,7.359164,1.340147
1237657584942645793,22.8627994628858,-0.881012981163953,7.359164,1.110563
1237657584942645800,22.8706888016231,-0.909223574294194,7.359164,1.331898
1237671930133021347,158.758866352534,7.97082585443787,7.359257,0.8427715
1237666209237041712,250.17905257804,28.554437075511,43.77341,0.5901222
1237666209237041721,250.204839961501,28.6166106603952,7.35982,0.8311844
1237666300525215807,340.954452707853,-0.177144691533884,6.47988,1.304277
1237679433441018389,351.46911753849,-3.49449929003103,7.359715,0.622963
1237650004324975210,326.42324432726,-1.25054291468582,7.360235,0.7602539
1237673708786286843,121.213150782639,-9.19566470420308,10.7298,0.03246307
1237673708786286845,121.210287218275,-9.19611136722904,20.20386,0.06104755
1237666300525216036,340.880768128889,-0.0715842075351103,7.354585,0.1808758
1237666300525216041,340.905147180416,-0.0925205933893481,5.258056,0.4937401
1237660750333085204,66.2523806199438,22.9492741131548,7.357801,2.620636
1237680263996309947,350.846955146827,-6.87531424280318,11.30795,0.1573029
1237666300525216266,340.948215738542,-0.0184351392139516,7.354585,0.6201553
1237656850502910431,343.973567784332,-0.991063499093139,7.35593,0.980402
1237656850502910436,343.975808639796,-0.873623601728224,7.35593,0.9728203
1237656850502910451,343.985191664813,-0.87405529020924,5.814267,1.828802
1237664972286132687,233.219497094007,24.0600422418405,7.360419,1.245529
1237664972286132695,233.221411499547,24.0416441488749,7.360419,1.032162
1237664972286132696,233.210884051707,24.0152887818745,6.272738,1.962454
1237664972286132705,233.161440338706,23.9010926103375,11.30817,0.8146114
1237663889954373638,20.8550969218785,-1.11753741726062,5.373426,1.715498
1237650004325040696,326.540369542267,-1.07635482512862,7.359641,0.7903671
1237650004325040713,326.553570753112,-1.1784885717078,7.359641,0.7312584
1237659234211595712,254.099909621586,-1.13404472804578,7.3588,0.495079
1237680263996375332,350.965230096064,-6.89249646156298,11.30608,0.6188068
1237663228530000458,248.058492989568,75.7687594023862,7.358634,1.175322
1237667725360431323,82.9501014121824,8.36425330768345,18.38019,0.9845352
1237667725360431327,82.8914579555732,8.36288905376222,8.102384,0.9804592
1237678578742395914,329.403029092647,19.5098584892746,7.358953,0.9882469
1237678578742395924,329.416367475711,19.4916151288277,11.30592,0.7012634
1237667725360431351,82.8170007757317,8.33646030322924,6.567227,0.8742714
1237664972286198486,233.365015324747,24.0020757315982,11.30364,1.964226
1237664972286198489,233.275199010039,23.8266454763429,11.30364,1.42281
1237664972286198496,233.368420342087,23.9924390772885,11.30364,1.252886
1237664972286198499,233.372839034272,23.9934433431767,7.357468,0.1539631
1237662305648247211,202.186311820201,40.4853135855017,7.359369,0.6220512
1237662305648247222,202.199747824382,40.5212710241092,7.359369,2.021833
1237664972286263332,233.623258925368,23.9004345847685,11.3072,0.7500153
1237656850503041111,344.215936636451,-0.992090588861764,5.832459,0.9111404
1237667205668930457,71.4783997766831,56.884147425048,7.360058,1.166553
1237662695954776094,217.290739522182,31.7987037835768,19.94751,0.5441809
1237662695954776096,217.291857805563,31.8048394457188,15.55731,0.2299728
1237661957219090571,194.694053035426,50.8476391499589,5.702418,1.57028
1237661957219090578,194.700159403544,50.8379812280765,7.360302,2.153397
1237661957219090587,194.751018675945,50.8944174449777,7.360302,1.466274
1237659234211596279,254.168907539322,-1.0269168377451,7.3588,3.354755
1237663889954439303,21.1320421131861,-1.17660074907886,13.58881,0.4706135
1237663889954439310,21.1341781062916,-1.19884388569869,11.33395,0.7161951
1237645876861600007,337.262715115452,-0.966268492671061,5.233106,0.457674
1237666492704555720,328.252562378318,-0.936265451754906,7.358632,1.10313
1237666492704555729,328.262084930567,-1.02430497716352,7.358632,0.670475
1237678845030367460,314.40783051976,5.21668172210555,18.01319,0.7363415
1237645876861600670,337.334473869264,-1.00938938390782,18.01661,1.62339
1237662695954777041,217.287527778681,31.8092099180073,43.76569,1.334246
1237654187634917695,174.375035139718,-1.15106709584613,5.35135,2.713036
1237656850503041735,344.269765372326,-1.04793475036889,7.357521,1.284061
1237656850503041746,344.277626553051,-1.02487502225354,11.30372,1.083378
1237656850503041747,344.277872433507,-1.01560478863051,18.01525,1.140404
1237666300525282303,341.142619643815,-0.109720603584617,7.357898,1.011477
1237668647170408751,177.145476301401,20.6929017431027,7.35965,0.5078659
1237668647170408764,177.149283217752,20.7690246770248,7.35965,1.461752
1237663480321673843,308.528762595387,0.911583024882372,7.358078,2.412712
1237667725360562822,82.9020810344997,8.06300225835182,7.357574,1.347149
1237650004325171667,326.794331928154,-1.08732642279777,7.359006,0.4896584
1237663228530131418,248.669984764984,75.9544142143169,11.31046,1.577375
1237663228530131425,248.761765475791,75.9228013896497,7.361907,0.7284489
1237661351628832907,166.00354632346,54.9349707856592,6.363377,1.026754
1237657584942842586,23.4015872368843,-0.99273573812415,7.358663,0.8676548
1237658222745288847,82.7697816893161,0.691605351756592,5.218612,0.4929638
1237661957218828572,193.793551695603,51.0051515584324,8.301077,0.6310101
1237659234211529101,253.999108168659,-1.08154742429351,7.358455,0.968792
1237654866228281990,118.548910119946,-2.04255108315295,18.01989,-1.293858
1237669516361269950,344.331338421394,5.79455601543645,7.358296,0.2209759
1237662695954514267,216.53358489679,31.9692323067692,7.358984,1.753752
1237662695954514286,216.545246910618,31.9815205741034,7.358984,0.2748928
1237668647170080845,176.344677308175,20.7276406425843,14.22947,0.7337847
1237668647170080860,176.374841213939,20.6801910155589,13.76847,0.7590084
1237663889954112332,20.3431437118636,-1.14234549478104,18.01926,0.417366
1237663889954112335,20.3454854139866,-1.14234167821993,18.01926,2.065601
1237646798131757808,107.937272596941,0.834855463270212,6.975591,1.122719
1237666300525020041,340.45382016726,-0.0348772472765568,7.358108,2.326534
1237667725359972781,82.7862656078108,9.36941459683953,5.361021,1.362911
1237671066844463898,22.3886666770022,38.1280971710362,18.0195,-0.5510426
1237665427552469013,193.671700973661,28.7817097606233,11.30804,1.009245
1237650004324844732,326.083838015213,-1.24266270699103,43.78115,2.41486
1237650004324844738,326.098803194866,-1.19086453894378,7.36112,1.441156
1237660750333019437,66.4234665661552,22.7228509437687,11.30746,1.231886
1237657584942514662,22.5469476631935,-0.837473526704195,7.359138,0.6577606
1237657584942514663,22.5478205143013,-0.944375972766015,7.359138,2.052349
1237658222745290026,82.736532305326,0.726989222388354,43.77554,2.171806
1237663889954177278,20.4006365199587,-1.14026869885202,7.359077,0.2287979
1237660750333019614,66.2163317149882,22.806232508478,7.359955,0.9425983
1237661351628505574,164.836501409075,54.7338212559243,7.35933,0.6459599
1237668330950820297,212.133835150224,14.6534639140063,7.358715,0.1677685
1237645876861338303,336.595210922642,-0.985181069736764,7.357122,1.673458
1237645876861338311,336.600285991633,-0.948298244862551,11.30311,1.233526
1237666209236976176,250.056572368412,28.5753986091254,68.30749,0.8305435
1237660191987598748,310.352125013129,-1.25856115718284,5.198597,1.785265
1237678845030237942,314.100772980404,5.1997134796269,7.357713,1.027441
1237663889954177695,20.534148425634,-1.20270053571875,7.359077,1.16935
1237663889954177697,20.535437655641,-1.16916403678177,18.01906,5.121775
1237665427552469821,193.73035081258,28.8136347853324,7.360333,0.7700958
1237655549129327032,238.880536232329,-1.13730010884912,7.356497,0.7777843
1237650004324909898,326.210523688737,-1.07745845513117,7.35961,1.362444
1237661957218894771,193.886541665342,51.0544642782612,11.30662,1.974194
1237650004324909927,326.23328944578,-1.17550211825518,7.35961,2.004919
1237666209236976723,250.088175449001,28.688232921515,27.92204,0.05049706
1237661351628570951,164.954631082376,54.5868837891322,7.357207,1.580009
1237661351628570955,164.978214385072,54.5543394935058,7.357207,0.5486374
1237666492704359516,327.750974897196,-0.852820896642805,11.30326,1.147871
1237666492704423942,327.825337555312,-0.957040066219122,12.32919,0.8081493
1237671930133020704,158.748013623094,8.06655548983986,258.3893,11.97482
1237671930133020705,158.744477600749,8.06626166241449,258.3893,3.673517
1237663889954242865,20.5928832109608,-1.09591624880409,7.358817,0.5230408
1237663889954242866,20.5931080309364,-1.14979180203412,18.01842,0.1944046
1237665427552534751,193.891548559134,28.7666223626054,7.360062,2.741619
1237665427552534756,193.930658262326,28.8353508456847,5.292756,1.56547
1237679433440952902,351.420911619591,-3.56781593887146,18.02156,2.394077
1237662695954645095,217.016721761953,31.9402488469124,17.08995,11.2808
1237678845030301825,314.178331709591,5.16798394556394,12.53361,1.615103
1237656850502844918,343.830711023385,-0.875658638027492,7.358242,0.711565
1237661351628571405,164.975216454325,54.636623538387,7.357207,1.103447
1237668330950885900,212.322939866439,14.7991137606969,7.359778,-0.2590618
1237668330950885906,212.317274531477,14.7337132669585,27.92392,1.402477
1237660191987663100,310.538131027075,-1.07650800250977,21.51132,2.475674
1237660191987663101,310.534733116117,-1.07174212355462,27.92309,8.296196
1237660191987663105,310.533190409296,-1.07552418708053,17.06979,9.107485
1237679433441018023,351.566819317684,-3.49077266840889,10.53499,0.790308
1237660191987663238,310.570538149951,-1.23858002288486,7.359559,0.6248016
1237666492704424506,327.866788596328,-0.980476117504905,7.360176,0.7626762
1237672131997599960,276.515934484142,13.9156803577341,5.299821,0.6306915
1237662695954645439,216.855011765251,31.8522443671723,11.30381,-3.343908
1237662695954645442,216.889818322621,31.9317542744926,7.357577,0.2144852
1237654187634524463,173.365227431881,-1.03737199644164,11.30989,1.282761
1237663228529934873,246.96429048956,75.666467192697,7.360594,0.8381996
1237663228529934884,246.720745773635,75.8007687564529,7.360594,1.885759
1237678578742330692,329.155918189541,19.5166259235528,7.358742,1.577932
1237678578742330701,329.161348284406,19.5122802064069,7.358742,1.650023
1237660750333084992,66.3664725878444,22.8467154482684,7.357801,3.62505
1237662695954645610,216.927717929916,31.7495835087661,7.357577,0.7978249
1237662695954645612,216.961244632215,31.8317349414179,27.91558,0.6367092
1237660750333085003,66.385390666741,22.8497375252559,7.357801,1.117125
1237665427552535491,193.918213258861,28.8459195807971,11.30762,0.9534397
1237651494678562122,112.528833062809,34.1489583730819,7.359231,1.847841
1237663889954308454,20.7403583583479,-1.06596652972191,7.358018,0.4856033
1237663889954308465,20.7532767286903,-1.14879849046804,7.358018,2.716284
1237651494678562162,112.614371479294,34.1490302850384,7.359231,1.539425
1237658222745420107,83.1305015612114,0.795199436299021,5.366512,0.7030163
1237654187634589938,173.550649486023,-0.949436162416138,7.360467,1.111837
1237654187634589941,173.556850649104,-1.01807934735582,11.30825,0.8217392
1237654187634589949,173.570977154102,-0.976168967538422,5.057035,1.475168
1237669516361400767,344.594442451774,5.80608198160552,7.358909,0.3047676
1237663480321671405,308.515777496275,0.897822131728673,11.30458,1.129395
1237663889954308667,20.732964751613,-1.12353331052656,18.01647,2.03838
1237663889954308681,20.7381480706758,-1.25547205966841,7.358018,1.222956
1237651494678626418,112.67640369768,34.209853803302,20.12946,1.273129
1237651494678626419,112.672833683802,34.2148613227381,5.768496,1.079758
1237666209237042384,250.187483935001,28.5663625098959,7.35982,0.6608448
1237666209237042386,250.214077315982,28.4886438916178,27.92408,1.649698
1237680263996310200,350.834447038848,-6.86390911922275,18.02199,1.013615
1237663228529999900,247.235840856953,75.8458989676893,7.358634,1.729889
1237646798131760584,108.041172150116,0.902465129863766,11.30385,0.531765
1237671930133086816,158.826305622715,8.03654304229235,7.359358,1.058317
1237671930133086818,158.832064785325,7.97686273688113,7.359358,1.076153
1237671930133086819,158.822363650732,8.10448158538308,18.01975,1.925823
1237664972286197835,233.337732631824,23.8577040098619,7.357468,0.9197636
1237655549129392879,238.944264811398,-1.08663129593662,6.320554,0.5590649
1237663889954373949,20.8563768061201,-1.15782759908751,7.357864,0.7802544
1237663228530000486,247.181928032145,75.8660217407496,7.358634,2.784624
1237655549129393064,238.911600721664,-1.06682635904005,7.358404,2.012102
1237667725360431114,82.8508166848523,8.43258734701257,5.119516,0.5976343
1237662695954711439,217.112707015492,31.7351307406164,27.91738,2.149246
1237680263996375593,350.949111674336,-6.92979282591828,11.30608,1.975882
1237680263996375598,350.953210055786,-6.9297861474503,18.01901,2.527914
1237680263996375604,350.953817597026,-7.05883956913703,7.359055,1.926977
1237678578742396095,329.305483444029,19.5045411635427,7.358953,1.078688
1237678578742396103,329.316953073755,19.4766825357074,7.358953,1.744865
1237654866228412885,118.821185186443,-1.97317738955492,6.647951,0.3266258
1237646798131822744,108.053268447953,0.948831801033836,18.01512,0.9233589
1237662305648247771,202.295604202036,40.5325943461655,7.359369,1.666712
1237678578742460438,329.420645153696,19.6537644293883,7.359674,2.894012
1237678578742460450,329.439346322533,19.6430657311225,27.92353,7.895643
1237660750333150687,66.3150248273437,22.9955956202908,11.30553,3.075922
1237660750333150696,66.2578014239739,23.0007798510338,43.76674,1.382338
1237661957219091008,194.723337589746,50.9197605261091,7.360302,1.770817
1237661957219091014,194.735319035921,50.9406906858088,11.30799,1.293522
1237650004325106407,326.645060178761,-1.25204824397292,7.359525,1.937616
1237665427552666445,194.149475125558,28.7232549596534,27.92329,2.126211
1237663228530066041,248.168611114629,75.7926268249289,7.358832,1.643663
1237650004325106457,326.667797454804,-1.10228616088469,7.359525,1.984455
1237671066844659976,22.3435324886218,38.722030996405,7.358047,2.019508
1237668647170343727,177.104120470385,20.7468405221052,7.359027,2.510778
1237668647170343738,177.124432280276,20.7082864599271,18.01894,0.9308281
1237665427552731343,194.41482039327,28.7671997759396,11.30655,3.181641
1237662695954777111,217.338511933446,31.8214217361253,106.7186,1.932095
1237662695954777112,217.346900194788,31.8405958081704,7.358522,1.272535
1237663889954439706,21.0945396328172,-1.10705220629821,7.358235,1.40696
1237662695954777290,217.334347659208,31.8385523501127,7.358522,0.4539528
1237668647170408605,177.211840251817,20.7359895885686,7.35965,3.116211
1237657584942842374,23.3361864252213,-0.958189141351586,7.358663,1.877914
1237645876861665765,337.452652898644,-1.00544736552358,7.356823,0.2368412
1237661957219156432,194.876845841318,50.874270859766,7.360464,0.5230694
1237664972286329407,233.588426895638,23.7101936007067,43.77546,1.185001
1237664972286329425,233.639790135935,23.763841708631,7.360165,0.6044865
1237679433440755734,350.879244090096,-3.47920592277279,5.140607,1.218504
1237679433440755736,350.850863902971,-3.49997479416342,258.4144,2.915569
1237671066844463143,22.1713784321925,38.1772513600398,6.320961,0.7628956
1237671066844463144,22.1646816857028,38.1801850594697,10.36281,1.802841
1237667725359906898,82.9197130850667,9.51351697596592,24.83768,7.350462
1237667725359906904,82.9175328567515,9.51241973258584,35.55331,13.09896
1237659234211528836,254.018566446871,-0.985725920425753,7.538387,1.360867
1237654187634196673,172.603330044721,-1.00808594847607,25.6313,1.215853
1237654187634196674,172.609170595014,-1.03289719125926,5.835596,0.3634014
1237654187634196676,172.605925111863,-1.02965836865819,11.30586,6.957947
1237679433440756111,350.898724214167,-3.52761079606046,18.02125,0.9852867
1237679433440756116,350.917013178669,-3.59403754734524,6.7678,2.215786
1237679433440756128,350.943356268661,-3.48264368690148,7.359971,1.401104
1237662695954514155,216.65217706612,32.0277167672661,11.30597,1.293005
1237665427552403878,193.47394089632,28.8479087820806,5.430044,0.5674152
1237661351628440158,164.462478232338,54.5964781755279,7.359102,1.098722
1237654187634262111,172.838169168158,-0.944356902893809,30.60915,0.6369743
1237654187634262114,172.775128939049,-0.946394901334267,5.925894,0.6318417
1237663228529738466,245.803173634828,75.5346832042716,7.358841,1.796595
1237666209236910891,249.920366943262,28.6385584142877,68.30295,1.639578
1237666209236910903,249.945015544311,28.7041902556259,7.358793,1.384005
1237666209236910905,249.936871744854,28.6659407683005,27.92019,0.6131172
1237669516361270189,344.266082797057,5.76392683890742,7.358296,2.097338
1237669516361270192,344.260416262075,5.93750551600103,7.358296,0.9964542
1237669516361270199,344.262919510923,5.96759162113507,7.358296,3.546934
1237654866228282473,118.466506799064,-1.88670225425369,6.092566,0.9558086
1237666300525084833,340.671564091493,-0.0579167659750101,8.206692,1.05579
1237650004324909070,326.175837125917,-1.17645752893562,7.35961,1.952091
1237657584942514750,22.6259783185813,-0.859102126196883,68.30614,2.244265
1237669516361334882,344.480908325335,5.90298007371596,14.50972,0.9638748
1237654187634327869,172.911869917288,-1.08931543901488,5.725001,1.702871
1237661351628505539,164.886084692619,54.5547037927596,7.35933,0.6029682
1237661351628505552,164.857736219013,54.6318244539151,7.35933,1.7078
1237666209236975910,250.038933823308,28.7066694355649,8.394676,0.749115
1237651494678496609,112.621974686694,33.9669617834516,7.359477,0.9494152
1237651494678496624,112.61642414938,33.9757918416705,7.359477,2.317648
1237661351628505888,164.772754171843,54.599193623674,7.35933,1.117836
1237661351628505899,164.843853548103,54.5363075976427,11.3065,2.404716
1237661351628505900,164.842948079464,54.5397986293838,18.01968,1.090132
1237661351628505903,164.769112377023,54.696195025414,7.35933,0.4853039
1237652929198556345,309.107136314456,-6.79850266989367,5.788954,0.9104156
1237671066844528774,22.2536932818373,38.3449756776821,7.330532,0.5770912
1237678578742329586,329.239337951067,19.5533114149049,6.169359,0.6364079
1237678578742329598,329.232189125779,19.6367476961865,7.358742,0.803587
1237662305648116158,201.752910681124,40.4546123819575,18.01969,0.4678535
1237662305648116172,201.764791418799,40.4755690563886,7.359334,1.058632
1237666300525085646,340.582730499814,-0.100330580865919,7.358091,2.486229
1237668330950820576,212.195338650733,14.6818908531279,7.358715,1.682581
1237654187634393551,173.176919602276,-1.00205465237978,7.359867,0.7506809
1237654187634393553,173.180723235201,-1.07594512569132,5.583589,0.6886959
1237671930132956109,158.654870432948,7.9628101436148,11.30486,1.824923
1237668647170146936,176.610553898427,20.8475260429274,11.30682,0.0354023
1237656850502844465,343.777259837131,-1.03965253973378,5.94131,0.7103844
1237657584942645395,22.8665846576129,-0.934204949692643,6.818676,0.7009602
1237663228529869619,246.412138602802,75.7036592022905,7.359879,1.588978
1237671930133020768,158.757642586635,8.11527417194743,5.732982,0.6251678
1237668647170147171,176.65453077603,20.7952058667247,18.0202,4.401081
1237661351628571322,165.072876220212,54.6887501471395,7.357207,1.469652
1237661351628571326,165.13348577903,54.5782860584275,7.357207,1.783937
1237663889954243159,20.6881927284771,-1.15128575814181,7.358817,1.519079
1237668330950886073,212.282954681848,14.687380980316,7.359778,1.40876
1237668330950886081,212.302075320915,14.7827548494589,7.359778,2.42807
1237654187634524328,173.344887169626,-1.03913040935025,5.944368,1.421261
1237668330950886306,212.30415752066,14.6762387782061,18.02077,3.008112
1237678578742330761,329.193190985284,19.5436688793664,7.358742,1.341684
1237650004324975245,326.447012238261,-1.27300725120981,6.718533,0.5505581
1237662305648181799,201.969739465226,40.3925151225291,27.92178,-2.29064
1237679433441083522,351.649212721106,-3.504971882737,258.4184,1.463764
1237679433441083525,351.657427933612,-3.51862896952045,258.4184,0.7968369
1237668330950951194,212.406923910989,14.7250095171928,7.360104,0.88307
1237657584942711296,23.0467241063849,-0.966613880777063,18.01309,1.668278
1237657584942711303,23.0485457485753,-0.948558766083424,7.35664,0.889986
1237657584942711525,23.111534513944,-0.896954228052165,27.91202,-3.031351
1237657584942711526,23.1135501632653,-1.01265968530555,43.75451,1.464533
1237679433441083925,351.612548859413,-3.55098886491496,258.4184,1.934389
1237679433441083930,351.639953944224,-3.67630832658163,106.7413,0.993969
1237679433441083933,351.643965202212,-3.4959333423501,258.4184,0.9828205
1237679433441083934,351.64506707333,-3.49758806339784,258.4184,1.331524
1237671066844594432,22.2447729007539,38.5905392780407,11.30392,0.3281918
1237667725360365622,82.9280724988072,8.46366948960334,18.82661,0.3685303
1237654187634655459,173.759861169046,-1.00696647150568,7.360081,1.165289
1237654187634655463,173.762693752975,-1.02397794081169,7.360081,0.5866051
1237654187634655465,173.773534502507,-1.01139614861242,7.360081,1.034616
1237654187634655481,173.643324100072,-0.94560785019562,11.30765,0.8703671
1237679433441149080,351.802604775968,-3.54673200308606,7.360061,1.330153
1237671066844594707,22.2606012540027,38.574589104071,5.293026,0.8635483
1237663228530000418,247.970783077756,75.7626470031011,6.717692,1.718596
1237668647170278018,176.936220416411,20.6778876472706,7.358729,0.553896
1237660191987664597,310.599320524495,-1.12388945242553,7.359559,1.261906
1237664972286198201,233.400963180129,23.82788087529,5.846793,0.3715172
1237664972286198207,233.410340360172,23.8334256226054,7.357468,0.9445705
1237667725360366084,82.8399995467833,8.50738288843382,7.358163,0.8640728
1237667725360366102,82.8430962923619,8.49468763201029,18.01682,1.57473
1237656850502975884,344.098834941921,-0.859442251245933,5.040769,0.535675
1237651494678627073,112.619163414828,34.2072459940684,5.079329,3.025911
1237668330951016816,212.554053179471,14.5633401635989,7.35941,0.5558395
1237671930133151952,159.080886581768,8.1596747210823,7.359143,2.28005
1237680263996375613,350.965103245137,-6.90177677670902,27.92118,2.511494
1237680263996375629,350.982361389947,-6.89637692382024,11.30608,1.612061
1237654187634786549,173.976609076353,-0.944762063617162,7.359676,2.590351
1237663228530065463,248.293173437089,75.7949560444234,7.358832,0.7558098
1237666492704555251,328.168267622161,-0.889931579288369,14.66909,0.586998
1237666492704555252,328.173189497287,-0.89419825074288,5.609908,2.061852
1237665427552665914,194.153192256619,28.6581975313491,7.359612,0.5860481
1237655549129457747,239.079912847992,-1.0436002209196,11.30397,-0.7519722
1237650004325106062,326.664286767703,-1.12069139809539,7.359525,0.8875542
1237650004325106073,326.70589047373,-1.11533144835746,7.359525,0.7293549
1237657584942776730,23.2430019390687,-0.910228030268641,8.544222,0.7054958
1237657584942776742,23.249695612035,-0.946453128465135,6.035068,0.8140163
1237657584942776744,23.2487272665341,-0.929072399765002,7.35891,0.8820019
1237680263996440876,351.118198120039,-6.97811096879527,11.30694,1.192276
1237668647170343368,177.05556237286,20.7862379089453,11.30604,0.377224
1237673708786288763,121.211049954612,-9.0848722975218,7.359916,1.129454
1237656850503041505,344.250676573903,-1.0370292003753,43.75974,0.8071995
1237660750333150844,66.229274894935,23.1223981725345,7.358697,1.150454
1237662695954776800,217.324282087765,31.7821540065716,7.358522,1.154432
1237662695954776820,217.288009518805,31.6480720276935,7.358522,0.5232792
1237654187634917587,174.237457112829,-1.10418403988506,7.359383,0.5921917
1237654187634917590,174.241106400788,-1.14312443781951,7.359383,1.139502
1237654187634917593,174.245311147029,-1.14668315567616,7.359383,1.657188
1237662695954776968,217.192132056713,31.6926839297829,11.30526,0.8267918
1237666492704556024,328.194385973943,-0.889020132710662,7.358632,2.221375
1237672131997602525,276.556395396645,13.8943419544836,7.361529,1.166744
1237655549129458618,239.084367106723,-0.948550214234318,7.357682,1.268759
1237655549129458633,239.092081428797,-1.00110428121053,7.357682,2.248941
1237666300525282275,341.108787615171,-0.0512639963768732,7.357898,0.8056259
1237661957219156148,194.815469223038,50.9824705268511,6.011539,0.5364838
1237662305648247913,202.245932643247,40.3474374442976,11.30656,1.094156
1237645876861665676,337.395319948901,-0.960090901622527,7.356823,0.9351578
1237645876861665683,337.397016135016,-0.854501432567674,11.30265,0.7100544
1237645876861665684,337.398419545,-0.91610896610102,5.05066,1.57342
1237667725360562674,82.7636578385036,8.01294867762778,6.683316,0.3562603
1237650004325171571,326.760557998026,-1.2429227595393,7.359006,3.3155
1237650004325171579,326.793547846505,-1.12581583356845,7.359006,0.4588737
1237666492704620874,328.351770455419,-1.02055204712384,7.941706,1.448801
1237663889954440057,21.1016761679365,-1.25060124743561,18.017,2.072884
1237654866228281421,118.417590665706,-2.04642618845241,27.92255,-0.5025539
1237645876861272249,336.576545578124,-0.890583306416891,5.376367,1.178833
1237666300525019531,340.455313491158,-0.189531679691823,7.358108,0.8775616
1237662305648050576,201.544695772197,40.4658459888659,7.359277,0.58634
1237666492704293346,327.550104898024,-1.00279067292571,7.358155,3.14325
1237666492704293355,327.560187970724,-1.01670997841701,7.358155,0.8723087
1237674893660324263,304.229579346049,29.726467841433,11.74276,9.400389
1237656850502713840,343.45049398336,-0.928661544974994,7.358536,0.9085026
1237668647170080934,176.354968740306,20.6869458979455,6.61004,1.538328
1237666492704293584,327.524120349617,-0.845200878529472,7.358155,1.941595
1237666492704293594,327.527601820533,-0.931094829736303,7.358155,4.245005
1237680263996113784,350.346956438914,-6.88229933370621,7.357767,-1.490173
1237680263996113789,350.471931680776,-6.90775323999585,27.91629,-2.609432
1237680263996113796,350.367578617673,-7.02924897051983,7.357767,0.7823925
1237680263996113807,350.477366046379,-6.85055028347183,7.357767,1.348825
1237654187634262374,172.813400480746,-1.002782113607,18.02116,0.9460258
1237666209236910967,249.981696702333,28.6651754841232,7.358793,0.747961
1237678578742264727,329.072546622352,19.3902835148871,11.30564,0.7556591
1237678578742264730,329.038175402951,19.5255540244719,7.358767,0.5604362
1237664972285935881,232.72923531218,24.0928857862041,11.30749,0.6638241
1237663480321606757,308.381625607858,0.937033322253906,6.419834,0.3831482
1237657584942514551,22.6070494702631,-0.989654529373086,7.359138,0.7813606
1237657584942514700,22.5844266379361,-0.967899622287173,7.359138,0.6103115
1237657584942514705,22.5873387015694,-1.04425157401945,18.01921,2.016386
1237657584942514710,22.5925760782492,-1.01154666394002,11.3062,1.813282
1237650004324844795,326.125308237401,-1.18454906620102,7.36112,0.8772488
1237661351628505448,164.67643848966,54.6694930647638,18.01968,1.122135
1237661351628505461,164.731588397959,54.5906231693494,7.35933,1.240761
1237662305648051506,201.659502804808,40.6062190831266,7.359277,0.05071831
1237656850502779135,343.660168456619,-1.02624704919775,8.390996,0.7706337
1237663228529804018,245.976271157283,75.5941583244705,7.358231,1.555443
1237663228529804028,245.898508805096,75.659160308111,11.30481,0.3793545
1237665427552469347,193.646173934297,28.7222690616541,7.360333,0.5996647
1237665427552469360,193.668436819395,28.8739390358112,11.30804,0.5602913
1237654187634328038,172.93598464788,-1.05631776609567,7.359672,1.235956
1237654187634328049,172.958930147191,-1.02519809468118,7.359672,2.217457
1237663889954177443,20.504212240058,-1.20413841498135,7.359077,0.7038059
1237651494678496730,112.37860870955,33.956207629536,7.359477,1.343853
1237661957218894332,193.929497280513,51.0005164648041,7.359409,0.573431
1237654866228283101,118.439730387023,-1.88214039880937,7.359416,1.237282
1237668647170146518,176.501290955841,20.8032703723186,7.359541,0.275238
1237657584942580010,22.718102659577,-0.946331954817346,7.359328,3.696312
1237666492704359004,327.698667481647,-0.842229037764463,68.28833,0.3875809
1237668647170146667,176.524966004035,20.842512273873,7.209827,1.263405
1237663889954177813,20.5199885658182,-1.07919244326106,18.01906,0.698061
1237666492704359154,327.800261405603,-1.01102161684553,7.357218,0.1774731
1237666492704359162,327.807367362474,-1.04063941062133,7.357218,0.1696625
1237666492704359169,327.815882111734,-1.03111699122245,11.30326,1.214861
1237668330950820556,212.177987598657,14.6720340614914,11.30555,2.009689
1237666209236976468,250.120283160665,28.6961529513426,43.77022,2.523788
1237658222745354856,82.9742151333761,0.825266257566309,5.390201,1.031313
1237651494678561170,112.524084595191,34.1666054366607,7.359231,3.373453
1237650004324910138,326.282162684164,-1.15467294733912,18.02036,0.9935036
1237668330950885656,212.271637507665,14.7864562076515,68.31209,2.302977
1237668330950885662,212.270660905869,14.7803790263719,68.31209,1.585218
1237668330950885665,212.271008256835,14.7824318295372,68.31209,2.837332
1237668330950885670,212.275238951485,14.7996065207028,27.92392,0.3076839
1237668330950885675,212.27774222607,14.7933138359046,68.31209,0.9294395
1237666300525150880,340.762899067898,-0.120329848566622,7.357218,3.572212
1237666300525150883,340.763774911479,-0.137243280411258,27.91421,1.217918
1237658222745355330,82.9726426353983,0.783851672186825,7.35776,1.424862
1237664972286067342,233.07949405828,24.0210817844175,18.01904,1.289221
1237669516361336059,344.529489917328,5.81505033344905,18.01794,0.9994621
1237671930133021265,158.68214320437,8.10165112210671,7.359257,0.8454399
1237671930133021267,158.697030242931,7.93188893995757,18.0195,3.925215
1237661351628636441,165.164829575772,54.7444762882229,27.92209,0.3798847
1237661351628636474,165.33261530302,54.7816977568956,7.359295,0.3145046
1237661351628636476,165.398000834487,54.6700845205988,5.867229,1.192448
1237661351628636478,165.351837338482,54.7684246065222,8.151994,0.6278763
1237664972286132248,233.145030287604,23.8826465903642,6.714399,1.068435
1237664972286132250,233.138492252747,23.9057917217004,5.252155,1.029121
1237664972286132345,233.284312687222,24.0429644936677,8.559353,1.030451
1237663889954308621,20.6951561337922,-1.10461522090987,11.30448,1.257019
1237663889954308625,20.6992530637438,-1.19387717633542,7.358018,1.30691
1237664972286132587,233.253771114268,23.9802982033549,7.360419,0.7124214
1237664972286132609,233.275135921705,23.9686265079309,7.360419,0.8939114
1237650004324975537,326.387137884646,-1.2551538545535,11.30789,1.180618
1237650004324975543,326.394029718754,-1.07803848565008,27.92566,0.5042095
1237663228529935190,246.900271861972,75.7375461939777,7.360594,0.5915699
1237663228529935204,246.984472137963,75.6923490994407,7.360594,1.166088
1237663228529935206,247.208372745147,75.6494674386945,7.360594,0.8806419
1237663228529935209,246.704204389192,75.8060625600115,7.360594,-2.993055
1237656850502910576,343.923748190007,-0.860356679382951,7.35593,2.945011
1237656850502910581,343.926486843939,-0.904394969226307,11.30128,1.954916
1237656850502910586,343.929417912128,-0.891514844004564,7.35593,0.4020176
1237651494678626468,112.674280824078,34.236036375973,19.06012,0.7583065
1237680263996310347,350.820522527778,-7.04785968794543,11.30795,0.64007
1237662695954710751,217.178306880507,31.8255831219106,7.358054,3.612362
1237656850502910786,343.922792187052,-0.845449230431635,7.35593,0.6029129
1237656850502910790,343.961238623839,-0.946264837643322,7.35593,0.6564426
1237645876861534236,337.081948077536,-0.944163796024871,27.90751,9.440846
1237645876861534242,337.080913639345,-0.943055472995916,18.01018,-0.7509747
1237680263996310385,350.882090825844,-6.8635352517635,11.30795,1.03651
1237680263996310394,350.887846355972,-6.97097307905712,11.30795,1.593855
1237663228530000235,247.725463222631,75.8805330369187,7.358634,-2.60672
1237663228530000236,247.757180585765,75.888951028806,27.91958,1.09897
1237662695954710973,217.029266085162,31.8276549565324,68.29609,3.150063
1237662695954710978,217.037614453228,31.8483741875244,7.358054,0.6712742
1237671930133087029,158.821720229071,8.07696706563441,11.30654,0.6295147
1237645876861534437,337.093631138694,-0.83763453726734,7.355452,1.636129
1237655549129393031,238.895865273033,-1.13645538192885,7.358404,2.445398
1237656850502975917,344.130237601515,-0.989205656054,7.357592,0.6311188
1237656850502975923,344.131804138715,-0.985364945305743,6.323832,1.600325
1237656850502975925,344.132285460896,-0.907659672864477,9.040183,1.166224
1237663889954374119,20.9495928908175,-1.08016193392275,7.357864,0.6950645
1237657584942711567,23.110703693347,-0.998281759963904,7.35664,1.498472
1237661957219025976,194.362224454105,50.9001952100601,7.36001,1.055632
1237661957219090440,194.577888186581,50.8896057273556,27.92591,1.755447
1237666209237107620,250.386463473299,28.4838794347527,18.02408,1.484787
1237667725360431452,82.9385825108914,8.3108481306308,5.872946,1.66688
1237667725360431474,82.9197654876371,8.37072291163395,68.31759,2.665264
1237668330951017097,212.569384527336,14.6493684151752,7.35941,3.262465
1237679433441214650,351.933659359257,-3.55638752382908,13.01841,1.096962
1237679433441214653,351.930699278398,-3.5534714877875,258.4119,1.759008
1237679433441214654,351.927863326521,-3.56211513758919,258.4119,0.5805435
1237664972286263412,233.541100010087,23.7306617858258,6.036086,0.9612293
1237671066844595632,22.2255236621297,38.5688624976971,7.357651,1.149536
1237657584942776836,23.1433001660864,-0.842118025907681,18.01865,1.165751
1237679433441214872,351.994736181274,-3.50886844348332,10.11046,1.356585
1237661351628767732,165.833251428782,54.8878091042363,7.356921,0.02591896
1237679433441215013,351.971047517293,-3.67254884784504,7.359899,1.107546
1237662695954776860,217.306279868996,31.6490866443702,7.358522,1.122425
1237662695954776864,217.312828229215,31.6601578984479,5.158187,1.213333
1237662695954776869,217.312263013476,31.6550219869167,7.358522,0.5417786
1237652929198622684,309.253189358764,-6.74732536816421,5.005116,0.3620586
1237660750333214733,66.3943315840934,23.14924184099,18.67883,0.9410181
1237660750333214736,66.3947076198095,23.1513991091409,17.15995,11.1798
1237666492704620789,328.385256505163,-0.924917489945099,5.129115,1.103989
1237666492704620801,328.389536768112,-0.920088423844382,18.02175,2.972364
1237668647170408793,177.16175458163,20.8439089155413,11.30699,1.490871
1237668647170408805,177.175744030273,20.7081083041429,7.35965,0.8043861
1237668647170408813,177.178210090604,20.8076761701893,27.92344,0.9620285
1237654187634983285,174.446427372271,-1.09817244370855,7.359377,0.4017277
1237669516361531483,344.96686232141,5.89976972852414,27.92127,0.5226307
1237671066844660617,22.3302503654432,38.6126209499769,11.30453,0.6211491
1237663889954504769,21.2648733309375,-1.229810346915,18.01768,0.8813305
1237665427552403468,193.463481946063,28.8039823482291,27.92624,2.457222
1237665427552403476,193.469229186201,28.7420474032856,7.360389,2.074539
1237666492704292882,327.544851031193,-0.914981998843662,27.91776,0.9204979
1237669516361269286,344.262831844764,5.88339475024195,7.358296,0.8694172
1237669516361269293,344.282774437447,5.8462296543132,7.358296,2.295382
1237666300525019150,340.421885212599,-0.00503248383521943,11.30462,6.745695
1237662695954514064,216.675771849809,31.9309113707271,5.533337,0.9823532
1237662695954514077,216.610513050085,32.0460174027039,11.30597,2.717709
1237654187634196912,172.637142492437,-1.01098150781718,27.92063,2.085217
1237661957218828608,193.613897724129,51.1230569882632,7.359121,0.2327671
1237657584942449265,22.3901778753728,-0.844666282608047,43.7692,1.209341
1237657584942449276,22.4128472176629,-0.87567345430139,7.359112,4.88884
1237662305648050765,201.632186941367,40.5467363160928,11.30642,0.8544941
1237668330950755111,211.932820898394,14.6791317750128,7.358405,2.132589
1237665427552404294,193.522161862309,28.7347132221258,7.360389,1.04648
1237667725359972889,82.7695731490198,9.36425393760809,157.1174,0.8793449
1237667725359972890,82.7907580477662,9.36389847208689,6.566077,0.5442791
1237667725359972895,82.8608627821896,9.35872256398289,106.7346,1.386421
1237667725359972902,82.945905276354,9.40304950324442,5.085444,0.1787281
1237665427552404315,193.546733043634,28.7893079920279,7.360389,2.089582
1237665427552404320,193.554213399351,28.8153747644914,7.360389,1.309607
1237660750333019232,66.3459721229836,22.7663657324471,7.359955,0.5015697
1237660750333019238,66.2789661388614,22.7729494344725,11.30746,2.816874
1237656850502714164,343.521098093339,-0.951677683115399,7.358536,0.4793816
1237679433440821544,351.047142182863,-3.50591725937038,7.360523,4.054293
1237679433440821559,351.071895444412,-3.51820566482875,7.360523,1.412712
1237680263996178687,350.594056808638,-6.89483150139527,11.30463,1.826706
1237666492704358460,327.745730930445,-1.02031896347701,7.357218,3.549421
1237667725360038114,82.8008191759343,9.21016389228824,166.5186,0.1865311
1237667725360038119,82.7954173069705,9.27143425793843,14.14029,0.784647
1237680263996178717,350.493474018006,-6.9552854607217,7.358115,0.5885105
1237654187634327845,172.894242627301,-1.01532736794684,7.359672,0.9370899
1237654187634327859,172.908060279795,-1.12693413052594,5.476329,1.768227
1237654187634327860,172.908705998987,-1.09014990512899,7.359672,1.631908
1237654187634327867,172.911391409075,-1.12425851019191,5.822586,3.260103
1237657584942514849,22.5616101548814,-0.894951675612451,7.359138,0.4964809
1237657584942514850,22.5643314886099,-0.945203268682051,11.3062,1.113798
1237657584942514856,22.5719225477284,-0.86470130744806,7.359138,1.565653
1237662305648051480,201.679425619723,40.5075122369404,11.30642,-0.6254005
1237654187634327904,172.93986241416,-1.07434965735358,5.956204,1.492876
1237654187634327905,172.939796837892,-1.01327932587587,27.92352,1.666811
1237660750333019879,66.4058236036866,22.717340940494,7.359955,-0.210041
1237663889954177542,20.4226288265614,-1.19414497950321,11.30611,1.87904
1237663889954177547,20.425641652328,-1.19022335291128,7.359077,4.615179
1237666300525085514,340.610856576832,-0.163508838532534,7.358091,1.736023
1237666300525085536,340.630827790558,-0.0932779433518546,43.76313,2.888044
1237654187634393283,173.044919826473,-1.03435581220287,5.033613,0.5297508
1237668330950820436,212.083988951017,14.7088449946301,18.01817,2.73657
1237668330950820443,212.093206216585,14.7139276193274,7.358715,2.460434
1237666492704359067,327.741222588674,-0.921952484057442,7.357218,0.5123653
1237666492704359069,327.74132656271,-0.890826848515391,11.30326,2.345528
1237664972286001646,233.006614322343,24.1492300517695,5.541316,1.117966
1237664972286001648,232.980808495654,24.0993549773722,7.360575,1.549501
1237652929198556635,308.971033555682,-6.79804232833668,5.623811,0.3731461
1237678845030238233,314.065545692363,5.08178159930098,7.357713,1.362341
1237652929198556885,309.00454126496,-6.84003835798884,5.104554,1.049961
1237655549129327433,238.769380069571,-1.01531830909473,7.356497,1.402634
1237651494678561428,112.461066016193,34.1448928205633,5.607991,1.371803
1237656850502844679,343.818304672973,-1.03163740675454,7.358242,2.585981
1237667725360169451,82.9061190277581,8.97220120932892,61.74014,1.177124
1237667725360169458,82.9527843216533,8.96912056031803,18.02124,0.7429028
1237664972286067323,233.041804392301,23.9962609085823,7.359069,0.7357998
1237660750333084809,66.2850291079797,22.898233459171,7.357801,0.8579979
1237645876861404068,336.795705125456,-0.85959045883103,18.01465,-0.02112389
1237645876861404074,336.791149303421,-0.945842496815186,27.91443,-0.01930237
1237658222745355655,82.8901620176888,0.658792620290452,27.91627,2.474104
1237664972286067470,233.124923579834,24.0569933978822,11.3061,0.4676762
1237668647170212479,176.800034684337,20.7804500201886,11.30579,0.192852
1237652929198620804,309.14326939068,-6.91264538991967,13.70969,0.6929665
1237673708786287179,121.23606050839,-9.0962682009884,14.90339,-0.9518967
1237673708786287180,121.238192974426,-9.09936495925078,17.88689,-0.4867039
1237673708786287182,121.234511461153,-9.09504705380436,12.05197,8.654018
1237673708786287185,121.226625649452,-9.08844331928623,9.643102,2.15914
1237663228529935057,246.809981202246,75.7125737311934,7.360594,0.8477936
1237668647170277448,176.892341435128,20.6760259027057,5.097142,0.8774586
1237671066844594311,22.4227380191725,38.5072381839944,11.30392,0.6185951
1237645876861469506,336.892889875407,-1.03042626095981,18.01358,0.4622955
1237663228530000132,247.347719890091,75.8781662923659,18.01797,2.883762
1237662695954710873,217.123685081229,31.8797197126181,5.41575,0.5408077
1237658222745420752,83.0534076592655,0.633255686954017,7.359212,0.7182102
1237665427552600671,193.994845580099,28.8428255338962,7.35974,1.731146
1237665427552600676,193.997300091642,28.8412486691837,7.35974,1.448431
1237658222745420906,83.1286980376023,0.746825565157138,7.359212,1.852978
1237658222745420912,83.1332393266875,0.668312895488767,5.737507,0.8646469
1237658222745420919,83.1360358468859,0.742657748817677,7.359212,0.9910831
1237658222745420921,83.1363617205837,0.662424645690718,7.359212,0.3198795
1237668330951016671,212.554343175718,14.5795546537721,7.35941,0.4309807
1237661351628702339,165.47026527313,54.6806534144085,7.357635,0.5713615
1237661351628702341,165.477897267812,54.6735282571201,7.357635,1.431873
1237666300525216435,340.889872006095,-0.0140410406144302,7.354585,1.030195
1237678578742395657,329.372513463149,19.5150902514388,7.358953,0.9268761
1237678578742395660,329.395021844075,19.5034588780723,5.516696,0.5141964
1237645876861534858,337.141925892718,-0.841604713131306,7.355452,0.4111347
1237663228530000620,247.607553093205,75.9087536206324,11.30543,1.567909
1237662305648247085,202.133683620467,40.4543647390687,11.30656,0.7373943
1237662305648247094,202.162980371679,40.5547512051938,7.359369,1.21542
1237656850502976250,344.104611899559,-0.859832785600493,11.30383,0.6273193
1237656850502976258,344.133820159708,-1.01900962880239,7.357592,1.293467
1237663889954374458,20.8557357769481,-1.16253312432307,11.30425,-0.4507408
1237650004325105805,326.633523010697,-1.09616708725281,18.02016,0.9160442
1237650004325105812,326.632016121761,-1.22363706805681,7.359525,1.1535
1237662305648247515,202.291031733243,40.4704590983445,7.359369,0.5445347
1237671930133152319,159.055829991284,8.16185313488684,7.359143,0.2764587
1237666209237107867,250.381011092833,28.4522759941261,7.361126,2.629292
1237645876861599926,337.240451418331,-0.897471582781504,12.18451,0.8050194
1237658222745485587,83.2945627697364,0.798338506860341,27.92189,1.228735
1237661957219090860,194.624172575725,50.9627682411533,11.30799,0.7945194
1237665427552666272,194.198916398296,28.6685696883817,7.359612,0.9051266
1237679433441214944,351.903509761287,-3.55605804105356,7.359899,1.390638
1237679433441214947,351.906432056905,-3.5150850986302,258.4119,1.929077
1237679433441214949,351.908208594578,-3.54716243735287,258.4119,2.052237
1237679433441214954,351.914722216057,-3.54988296032322,258.4119,1.373476
1237666492704555833,328.185758032409,-1.02233039835578,7.358632,1.287998
1237650004325106539,326.729275856694,-1.25248039585739,7.359525,1.720745
1237650004325106554,326.736782904108,-1.21063241682369,27.92296,1.092163
1237666300525281979,341.038465130563,-0.191581854530125,11.3043,1.743294
1237671930133152773,159.007907189596,7.9745564734372,18.01922,0.2384605
1237667725360562418,82.9622548521245,8.02544513306883,7.357574,1.985096
1237679433441280159,352.190772920092,-3.66599865794563,68.31202,1.475737
1237668330951082602,212.71471575322,14.6069203556471,11.30428,2.226688
1237668330951082605,212.713482679141,14.5907745809783,7.357886,1.659918
1237668330951082610,212.736926593613,14.7129105931931,11.30428,0.7668743
1237662305648247975,202.242427267894,40.4097665034173,43.77073,-1.265188
1237654187634983083,174.536229538995,-1.05117919543459,6.324665,0.863121
1237680263996506287,351.376120820653,-7.07767609316594,7.361064,1.042639
1237665427552731875,194.302989618885,28.7559759220999,7.359364,0.9443607
1237654187634983247,174.518342762505,-1.10443677823079,7.359377,1.216276
1237654187634983254,174.523610846698,-0.987403512597211,7.359377,1.046019
1237665427552731901,194.313002771325,28.689704393792,7.359364,1.961231
1237668647170408833,177.191328428621,20.7288082252296,5.19339,0.5096436
1237661957219156505,194.947073566585,50.9742654984802,7.360464,1.122257
1237668647170408919,177.226885354308,20.8310599224585,7.35965,0.582077
1237658222745486727,83.2752259710586,0.639243235776412,11.30636,0.211134
1237650004325171835,326.762073021247,-1.08426997296883,7.359006,1.433928
1237661957219156783,194.868958233756,50.8577499018222,7.360464,0.8762226
1237661957219156784,194.890487761353,50.9483774311471,7.360464,1.646528
1237664972285870098,232.552811863192,24.1786859856969,7.359538,1.934978
1237666209236910498,249.927143714594,28.6066521971087,68.30295,1.382456
1237665427552403863,193.454541358931,28.72558563259,7.360389,0.6727619
1237666492704293499,327.64020203536,-1.02044193830597,7.358155,0.1466255
1237654866228282046,118.41397877034,-1.83764174322438,5.633057,0.8762951
1237666492704293507,327.644018720452,-0.977334052109529,11.30469,2.486216
1237666492704293508,327.650427475249,-0.977613737359217,7.358155,1.700832
1237666492704293512,327.648359201641,-0.979385552792114,7.358155,-0.5732136
1237661351628440183,164.483131465111,54.6253554793086,7.359102,1.222826
1237661351628440185,164.506680537936,54.5867997038283,7.359102,1.030239
1237661351628440188,164.498829806064,54.6058977398522,7.359102,1.103176
1237656850502713816,343.434458015606,-0.986480571508905,5.013043,0.8193645
1237680263996178484,350.603083338936,-6.97334713969018,5.852141,0.5591145
1237655549129261868,238.59946999231,-1.04346250472273,7.35934,4.607796
1237655549129261870,238.59976298018,-1.07354699201384,5.518353,2.415617
1237673708786222050,121.090862579887,-9.29268310945639,10.20047,1.041828
1237679433440821660,351.074191605953,-3.62911029144201,7.360523,1.619946
1237657584942514586,22.6398207441783,-1.00997831925533,7.359138,0.5966053
1237657584942514597,22.6460979279213,-1.00099103099735,7.359138,0.3621025
1237671930132890639,158.525104194127,7.93319187464064,11.30383,0.1012077
1237645876861337809,336.729036750885,-0.947436453855619,7.357122,1.46015
1237666300525085071,340.609329012159,-0.0264381445290783,43.76313,3.854742
1237666300525085077,340.613195030319,-0.043007048369164,7.358091,1.418476
1237645876861338003,336.609014733771,-0.879759948079486,7.357122,1.367399
1237645876861338006,336.613298852663,-0.8416787799505,7.357122,1.459066
1237666209236975873,250.096413690399,28.5134917793973,7.359282,0.7611923
1237666209236975876,250.113994165603,28.5471765670386,10.10565,1.005294
1237666209236975877,250.118211024941,28.5477000880638,6.232938,1.115118
1237671066844464501,22.2776029392813,38.2680920213711,7.359258,1.135139
1237666492704358855,327.798483778677,-0.943809667432271,17.23957,0.44347
1237645876861338434,336.709852516097,-0.97693496077247,7.357122,2.262352
1237680263996179296,350.519694576558,-7.00146646280304,7.358115,1.395622
1237679433440887261,351.253790331669,-3.50098144059667,7.360684,1.587427
1237679433440887265,351.265005854791,-3.56609022062153,7.360684,0.9284897
1237672131997598995,276.650149660174,13.8801601219881,8.189712,0.9651661
1237679433440887282,351.296412690763,-3.55607924292375,166.554,0.8809471
1237657584942580093,22.7910021697431,-0.990544010025246,11.3065,0.4927349
1237666209236976360,250.01129089804,28.6151835535171,106.7296,1.001688
1237666209236976361,250.025916709783,28.663625435484,43.77022,0.6976337
1237661351628570785,164.955980302894,54.7445871944407,6.25937,1.647371
1237661351628570786,164.959386342207,54.7439204329063,7.818177,1.54542
1237661351628570788,165.014862965337,54.651942132183,5.362561,1.250683
1237661351628570791,165.072164444449,54.5790461851033,7.357207,2.097544
1237663228529869284,246.459413801777,75.7246744273752,7.359879,0.6688023
1237663228529869302,246.682747905032,75.6586633998829,7.359879,1.623602
1237679433440952460,351.299302395019,-3.60419226635982,7.267299,0.4525833
1237663228529869313,246.731275743315,75.6521889479907,7.359879,0.7372074
1237663228529869324,246.513692398942,75.7604391270983,7.359879,1.05253
1237666300525150572,340.748353307101,-0.0862850049607291,7.357218,1.061619
1237666300525150575,340.750607250744,-0.17770726677603,7.357218,0.6005688
1237666209237041191,250.194284034354,28.4907427312401,27.92408,-1.373816
1237666209237041210,250.206945250459,28.5601413769346,68.31248,0.6025677
1237666209237041229,250.222254316469,28.6096454006784,11.30725,1.869902
1237668330950885701,212.317618145404,14.7857835653953,7.359778,0.4961281
1237674893660326144,304.277199662012,29.6627657657166,6.818566,1.459024
1237679433440952913,351.445486811333,-3.53676382954968,166.5407,2.156767
1237658222745355336,82.9794021028719,0.784087273530766,5.24286,1.58993
1237666300525150945,340.800800122992,-0.0465730031193751,7.357218,0.6798649
1237671066844529825,22.327808200642,38.3602111901406,7.359038,0.5539951
1237666492704424547,327.898868234266,-1.0046443919908,7.360176,0.7926674
1237645876861468830,336.95558870675,-0.862618998477573,5.962668,0.853611
1237645876861468848,336.978514723588,-0.973841602113381,7.356841,0.920866
1237650004324975224,326.433288023301,-1.13044471502244,7.360235,0.565773
1237661351628636635,165.260054589308,54.8036299088108,7.359295,1.376179
1237661351628636783,165.229653016478,54.7070733626468,7.359295,1.102579
1237661351628636802,165.259157249885,54.6992151997273,11.30645,1.508593
1237668330950951095,212.387033542328,14.6230237499986,7.360104,0.4952259
1237662695954645873,216.959389675947,31.8973721252257,7.357577,2.025152
1237673708786287155,121.238691449449,-9.09682385954371,5.001986,0.4996786
1237654187634590007,173.509700713015,-1.00258287862565,7.360467,-0.5507545
1237654187634590008,173.510141204047,-0.996436489705496,7.360467,-0.973238
1237654187634590009,173.511154149807,-1.09070707903609,7.360467,0.6069756
1237654187634590019,173.535721643508,-1.10123777207133,11.30825,1.166252
1237654187634590043,173.594370583914,-0.945327442363085,68.31849,3.637796
1237664972286132878,233.251765825763,23.9623744030386,18.02235,0.01003647
1237664972286132897,233.287088300506,23.9777830064328,7.360419,0.4279213
1237667725360300480,82.9593168561363,8.62826653519729,7.359449,-1.011152
1237667725360300492,82.8640713445061,8.65336889007397,7.359449,5.889898
1237667725360300493,82.8881961787733,8.64635095606598,5.717909,6.857548
1237667725360300495,82.9507012761799,8.64283684651391,7.359449,1.555447
1237668647170277516,176.826173029759,20.8631183093121,7.183633,0.6212578
1237661351628701853,165.596417988761,54.7461621570974,8.565121,0.5944347
1237660191987664109,310.505333866694,-1.06687374226901,7.359559,0.6851654
1237661957219025319,194.39062628392,51.0671519744173,7.36001,0.3872433
1237651494678626754,112.758834229335,34.2638225724584,6.480069,1.520288
1237671930133086974,158.955029330208,8.04937746847888,11.30654,2.608265
1237664972286198189,233.390659016213,23.8271068543403,7.357468,1.360447
1237666209237107220,250.333444293124,28.4661270023083,6.307669,0.8883343
1237671066844594894,22.3583129719777,38.5412632214589,7.357651,1.245279
1237656850502976011,344.024187993897,-0.900854605124761,11.30383,1.686024
1237656850502976029,344.036364180149,-0.885107908093471,18.01542,1.120033
1237656850502976052,344.052648110028,-0.927611640239222,7.357592,1.153553
1237679433441149448,351.804982909595,-3.5135817205586,258.4176,0.5463028
1237679433441149458,351.807568339151,-3.53412320127654,166.5399,0.7049961
1237664972286198366,233.406202325757,23.905159105795,7.357468,0.9345226
1237664972286198373,233.366446348184,23.8168693914085,7.357468,1.470024
1237669516361465922,344.796766293154,5.83885616438033,18.01849,0.6002407
1237645876861535020,337.095290138103,-0.908265719219293,68.27193,1.515293
1237645876861535025,337.100639079988,-0.979227908860405,18.01018,1.474571
1237663228530000725,247.541204305529,75.7742221870317,18.01797,3.472443
1237663228530000751,247.742480128739,75.7644407285402,18.01797,0.7501049
1237663228530000761,247.576183571293,75.8688843422446,43.76637,0.8554497
1237645876861535094,337.138145702503,-0.865043286697962,7.355452,0.8288136
1237656850503041124,344.260370376564,-1.02799040605719,10.20907,0.9886532
1237680263996375865,351.029846413273,-7.04603763940785,11.30608,0.02038002
1237680263996375876,351.044228593014,-6.91294062614865,11.30608,1.100464
1237668330951017223,212.663721165572,14.7246677232413,7.35941,0.7455444
1237662305648247448,202.241667717859,40.380504306942,7.359369,1.770439
1237654187634852035,174.160914794983,-0.957374256494034,6.22373,0.3740997
1237645876861599989,337.204137735282,-0.949954472817958,5.962639,1.509937
1237679433441214802,351.959008484474,-3.61570074013409,5.235597,0.4557133
1237679433441214808,351.965670421858,-3.49503196629543,7.7572,1.762766
1237657584942776940,23.2098670215313,-1.03011392083364,7.35891,0.6941128
1237662695954776475,217.281735245037,31.8335228346664,7.358522,0.6493187
1237663228530065911,248.199589714105,75.9493308709754,11.30574,1.072765
1237663228530065917,248.271229345096,75.9243857238187,7.358832,0.4642353
1237663228530065921,248.372343342011,75.8819772655978,7.358832,2.006489
1237667725360562230,82.9714458820083,8.0460289762297,5.15289,0.3299036
1237667725360562232,82.9723324310409,8.04424440297025,20.65432,0.03016281
1237667725360562238,82.9652001657958,8.04761070444113,27.91556,1.142342
1237669516361466777,344.728099259884,5.97574870400185,43.76762,0.990799
1237657584942841874,23.3081895299377,-0.89227576656554,7.358663,2.242149
1237661351628767863,165.691513075238,54.8504521560979,11.3028,5.51623
1237660750333214971,66.3602880691603,23.2292983488532,18.6937,0.8004417
1237660750333214973,66.3624542429171,23.2308137905858,17.41718,1.484407
1237660750333214975,66.3661760776124,23.2259982353928,27.92461,0.6201191
1237664972286328947,233.666427983654,23.6930989277873,5.837657,0.9820538
1237657584942842383,23.3466661589276,-0.956868153149951,7.358663,0.8902378
1237664972286329202,233.77730406534,23.8242383183789,7.360165,0.3996181
1237651494678692742,112.720156817758,34.4262140129062,7.359669,1.212736
1237666492704621054,328.31883933378,-0.915568801133079,7.360175,0.4566689
1237666492704621074,328.336493821633,-0.962756092602869,7.360175,0.8827438
1237651494678692777,112.86419061882,34.3762404506859,7.359669,0.3158321
1237661957219156610,194.98249129111,50.9003253641474,11.30824,1.195097
1237679433441280712,352.161179940384,-3.49071755996441,68.31202,1.369097
1237656850503107003,344.351507430563,-0.892859757518081,7.359607,1.001587
1237678578742263975,329.104364938738,19.4223357193616,10.79777,1.046515
1237663889954111637,20.3375097486503,-1.05935931715748,7.35916,0.1982574
1237679433440755992,350.913704963402,-3.66555059682895,5.93867,0.4608784
1237679433440756000,350.934028397207,-3.63194669283964,5.521109,0.8945827
1237679433440756007,350.941883532083,-3.5407720600525,5.009415,0.3091412
1237671066844463406,22.3580557216735,38.1794002370737,11.30639,-1.424566
1237669516361269665,344.288761302779,5.84814315430491,7.358296,1.71752
1237645876861272544,336.557734406626,-0.923100736457862,7.35686,0.953373
1237645876861272545,336.557721009779,-0.922142958808958,11.3027,1.531931
1237664972285870646,232.684578360388,24.1437201245912,18.02019,2.573784
1237664972285870663,232.768243029134,24.2708794605971,7.359538,0.8023682
1237654187634262072,172.741308567102,-1.14752849334292,7.913672,0.7662983
1237654187634262073,172.745095500869,-1.14244339580664,27.92452,0.4598598
1237655549129261733,238.67960410052,-0.980843973278539,11.30652,2.797724
1237663228529803303,245.898949873906,75.558719333444,7.358231,1.469942
1237666300525020094,340.510373193232,-0.209941033602083,7.358108,-0.6409664
1237666300525020103,340.515404157646,-0.184379405803541,7.358108,1.119503
1237678578742264645,329.021950069084,19.401085209842,6.127442,0.7401981
1237678578742264655,328.996525522167,19.5147482991014,7.358767,0.8488007
1237666492704293879,327.530086870847,-0.878715919998721,7.358155,1.11755
1237666209236911071,249.916342573124,28.588998336735,11.30568,0.4843025
1237660750333019510,66.3543523181805,22.7549703212081,7.359955,2.462172
1237660750333019521,66.4296482899147,22.7602208865291,7.359955,1.476608
1237660750333019528,66.3152149258382,22.7630405604718,7.359955,3.034559
1237650004324909214,326.302272725369,-1.1255080530692,11.30693,2.400829
1237662305648051518,201.671783476995,40.4665365374629,7.359277,1.318192
1237662305648051527,201.687344128397,40.5052302231266,18.01955,0.837738
1237662305648051530,201.706918289323,40.5032170702956,7.359277,0.6366978
1237661351628505627,164.722069935699,54.5521035721984,18.01968,0.8732872
1237661351628505632,164.657573353697,54.6968731734858,7.35933,4.926727
1237663889954177502,20.3954603115131,-1.25036276239013,7.359077,1.340115
1237657584942579840,22.7714243160077,-0.978325588731326,5.324702,0.8688488
1237657584942579846,22.7773941816543,-0.954972649454023,7.359328,1.071241
1237657584942579848,22.7761049651307,-0.957966162949197,7.298078,0.4626427
1237665427552469452,193.709297313544,28.7601171822543,7.360333,1.057487
1237668330950820279,212.131094509921,14.7324638115709,7.358715,1.407869
1237665427552469663,193.616449316874,28.6672349692531,7.360333,1.904615
1237666492704359109,327.765806317323,-0.94567479106259,7.357218,0.5941944
1237662305648116137,201.755375868918,40.494044041464,7.359334,0.4478493
1237662305648116143,201.767753256196,40.5376353435661,18.42233,-0.2142735
1237662305648116144,201.767380620186,40.5317548921456,7.359334,-0.8375244
1237659234211530449,254.029662030284,-1.04881615354635,11.30516,1.295858
1237659234211530452,254.034204760515,-1.04214151390694,18.01754,1.427586
1237657584942580246,22.7647215286153,-1.03742554534027,7.359328,1.20203
1237657584942580250,22.7698970966903,-1.00999639641001,11.3065,1.496897
1237654187634393517,173.075383506694,-1.01110579645605,68.31292,4.893982
1237661957218894711,194.045082609901,51.0583052552789,7.359409,1.098856
1237661957218894716,194.02724744694,50.9303634917337,18.01987,1.91551
1237671066844529251,22.3082624304898,38.4112017067909,6.516807,0.9262409
1237661957218894903,194.026170117685,51.0176260087112,7.359409,-0.5908337
1237661957218894913,194.016866432295,50.9112034660108,11.30662,1.278278
1237661957218894926,194.007498447457,50.9395796511937,68.30867,-0.1104794
1237657584942645363,22.9591995816127,-1.00947752573425,7.359164,3.732349
1237664972286067003,233.009635750095,23.9407446589039,11.3061,1.314192
1237664972286067014,233.01886230319,23.9472615472353,7.359069,2.364906
1237664972286067021,233.069977418048,24.0351600044336,7.359069,0.9141102
1237666300525150832,340.739555405785,-0.137059461015493,11.30326,1.040398
1237657584942645623,22.881292519963,-1.03729796243041,7.359164,1.665564
1237657584942645624,22.8803947655481,-1.0390543444467,27.92159,1.912052
1237656850502844953,343.700717834816,-1.00114985370624,11.30483,0.6812916
1237656850502844972,343.712686933999,-0.95620492803215,7.358242,1.007151
1237645876861403896,336.822851003595,-0.991743895906214,11.30334,1.460443
1237645876861403907,336.83344515284,-0.989949777544556,11.30334,3.329067
1237671930133021121,158.726989080736,8.03937692926631,258.3893,1.060417
1237656850502845003,343.740198382767,-0.985570177503164,18.01702,1.026688
1237656850502845014,343.749333718622,-1.01441981466141,7.358242,1.325895
1237656850502845020,343.750475827074,-1.02207361109899,27.9181,0.748764
1237657584942646004,22.9628081757785,-0.918446213767738,18.01927,-2.408239
1237671066844530073,22.2913405591197,38.2929306228701,7.359038,1.313992
1237679433441018462,351.582197139127,-3.68830943179729,7.359715,1.705423
1237679433441018470,351.595152018993,-3.63413266417879,258.4054,0.8846588
1237645876861468901,336.978340396096,-0.935435809557134,11.30268,1.100239
1237661957218960174,194.127280370817,50.9943226332587,7.359869,1.115681
1237661957218960184,194.149993289057,51.0206973239452,7.359869,2.028961
1237661957218960185,194.159817157544,51.0683761249053,7.359869,1.374674
1237663889954308442,20.7356729879754,-1.26131944563095,7.358018,0.2467957
1237645876861469081,336.924935953725,-0.880165426750142,11.30268,0.7836285
1237645876861469105,336.943340580535,-0.99043883639036,5.19463,1.196836
1237657584942711058,23.0135176307044,-0.892785574313515,7.35664,2.803432
1237657584942711066,23.0238700708589,-0.989627087636234,18.01309,0.167326
1237661351628701973,165.441889615914,54.7015380186118,7.357635,1.460503
1237679433441084007,351.598632851381,-3.51383893556722,7.360084,3.089962
1237654187634655533,173.766176607434,-1.14952064711569,18.02152,4.495926
1237671930133087054,158.841189974173,8.07348673027079,7.359358,0.09285164
1237666209237107086,250.484557738807,28.4893003204546,7.361126,0.5530682
1237662305648182554,202.113034552062,40.5486359981519,7.359213,2.129025
1237662305648182565,202.069089723847,40.4704079881403,11.30632,-0.4130325
1237656850502975760,344.004090638124,-0.9243680324925,5.848104,0.692524
1237680263996375213,350.964400499468,-6.92332032075874,5.747525,0.9466171
1237680263996375214,350.961742256089,-6.92384360220606,18.01901,2.770477
1237661957219025553,194.528271817602,50.9830490870129,7.36001,0.6491795
1237661957219025558,194.54615238563,51.0407522841066,7.36001,1.196592
1237680263996375308,350.953974651023,-6.96671355879514,7.359055,1.074049
1237680263996375309,350.955620121583,-6.9576500849911,11.30608,1.563887
1237663228530000428,247.688674309571,75.8948794634461,5.012003,1.442871
1237663228530000447,247.866721476723,75.843489512507,18.01797,1.02066
1237666300525216649,340.872642867892,-0.0750333281169684,7.354585,1.753654
1237666300525216666,340.889684117929,-0.0982337562210171,27.90422,0.4176235
1237668330951016902,212.638883583417,14.7138733210099,6.001074,1.913013
1237668330951016907,212.644400946962,14.7380245877131,5.018854,1.02985
1237645876861534974,337.063406592218,-0.976454071998908,7.355452,2.141596
1237671066844595140,22.3525331413862,38.4707667781184,7.357651,0.8975487
1237668647170278404,176.969850577879,20.6694043319479,11.30558,1.211386
1237680263996375879,351.060581610633,-6.98741807280049,18.01901,1.187061
1237665427552666013,194.220445811122,28.7386881215216,7.359612,0.7359428
1237665427552666021,194.219786897185,28.6748936206538,7.359612,0.3113766
1237665427552666034,194.227684799704,28.6637589162314,7.359612,0.2923584
1237645876861599885,337.192268203291,-0.841795454807316,7.358075,0.4873276
1237671066844595488,22.4142768156236,38.4561140877042,7.357651,2.078169
1237662695954776403,217.355996107918,31.798160550852,7.358522,1.155624
1237645876861600328,337.320470794922,-0.870003245940384,5.518318,1.710356
1237680263996441026,351.205535187528,-6.87750443038359,7.359618,1.31407
1237666492704555827,328.179581020139,-0.97328182221123,11.30543,1.130604
1237680263996441050,351.211492252655,-7.03506490133958,7.359618,0.5589676
1237680263996441056,351.218011313376,-6.9597403376657,7.359618,1.551926
1237650004325106725,326.739094374136,-1.11873269339975,27.92296,1.530064
1237661957219091447,194.691106495044,51.0384262566763,11.30799,1.105852
1237661957219091466,194.712810835491,50.9241422433258,27.92591,1.071077
1237669516361467196,344.808622778938,5.98347237869799,18.01849,0.3563652
1237669516361467205,344.82378124211,5.79041098937526,18.01849,1.142988
1237656850503041893,344.26599143505,-1.0223278738258,11.30372,1.957169
1237660191987729243,310.673825898707,-1.24116378476401,5.261268,0.6808605
1237662305648312410,202.358028289653,40.4837866875783,6.266351,0.7254391
1237662305648312428,202.450106141608,40.4594678495882,6.012085,0.4440727
1237679433441280499,352.047528102734,-3.65004698597095,258.4073,1.871235
1237679433441280503,352.053094783357,-3.53159547349018,68.31202,0.9817047
1237666209237173318,250.666917547436,28.4490898250319,7.360218,1.343365
1237650004325171891,326.79509248204,-1.13732381780269,18.01889,0.6326771
1237666209237173363,250.539702958498,28.597865636073,18.02185,1.266804
1237666209237173364,250.52378146528,28.527053850885,43.77578,-0.09107208
1237680263996506879,351.377127920686,-6.89579365170855,7.361064,2.055323
1237680263996506880,351.374081416245,-6.99701859819277,7.361064,1.01577
1237668647170409155,177.234293190995,20.7813525618654,7.35965,1.179087
1237654187635048659,174.610669765617,-0.988725776512161,7.682762,1.138863
1237654187635048677,174.630445813456,-1.03414162975551,6.693733,1.176208
1237678578742461589,329.591950597581,19.5338313851475,5.70714,0.9317417
1237666300525019490,340.420000772261,-0.0535921748761244,7.358108,2.809019
1237666300525019501,340.433359605635,-0.0611766315607957,7.358108,0.7075615
1237657584942448878,22.5334176625372,-1.0015654856998,11.30616,0.8394623
1237655549129261240,238.63211701,-1.02085458523793,7.35934,1.632099
1237668330950754641,212.035711823597,14.8197087139582,11.36541,0.6681633
1237654187634196949,172.726648466361,-1.13865518313283,6.049986,1.809391
1237654187634196951,172.730710609754,-1.15249736488002,106.7243,12.56931
1237654187634196956,172.738032106557,-1.12018230845978,7.358911,0.9250622
1237661351628439973,164.583652246824,54.5584404986419,11.30615,1.607365
1237661351628439974,164.530964834015,54.6590763565825,7.359102,0.6393528
1237679433440756149,350.968047766885,-3.62936825086314,7.359971,3.335417
1237679433440756157,350.975862917195,-3.57182983379244,18.02125,1.253895
1237680263996113416,350.440382683127,-6.96721170164451,18.01585,0.005758286
1237680263996113426,350.445737804552,-7.01540158532437,7.357767,0.9060383
1237680263996113434,350.445813761703,-7.04001845932889,43.7612,0.7150269
1237672131997597750,276.490864553675,13.8812767024443,5.814852,0.9903545
1237664972285870709,232.640412085832,24.296518634207,7.359538,1.19832
1237664972285870717,232.635687234403,24.2694999373708,27.92301,0.3130169
1237679433440756289,350.992409168811,-3.50714626770696,166.5379,0.08864403
1237679433440821251,351.019796183151,-3.6475061730581,5.535079,0.6369705
1237663480321606339,308.457627315139,0.839879392232273,7.35875,0.8453426
1237663228529738459,245.711293548933,75.5582387386865,7.358841,1.137373
1237666300525020078,340.500813532824,-0.0910612538275138,7.358108,1.562153
1237666300525020085,340.507333692508,-0.126751608722587,7.358108,1.326019
1237661957218828988,193.649613007592,51.01973174895,11.30618,1.47393
1237661957218828993,193.634784399174,50.9286019431348,7.359121,1.105953
1237661957218829073,193.703483742709,50.9373605003897,11.30618,1.537859
1237661957218829091,193.759330951899,51.1119227349141,7.359121,1.221373
1237672131997598287,276.630803541842,13.7923188222936,7.614881,1.193172
1237672131997598296,276.617383954315,13.7867458392572,5.983232,2.226715
1237666492704293993,327.646202841165,-0.990637213728339,11.30469,2.741449
1237661351628505347,164.751029883289,54.6831490645214,7.35933,0.6296329
1237661351628505357,164.753798351535,54.7084878178562,5.314547,1.037542
1237672131997598400,276.560612991576,13.8660301735376,7.361529,0.9906883
1237657584942514818,22.6812679447706,-1.04146140955152,7.359138,1.216114
1237657584942514823,22.6854865161036,-0.91934227220446,7.359138,0.9377174
1237663228529803923,246.171747054438,75.6433297700316,7.358231,0.7278118
1237680263996178887,350.561795294563,-7.03401770537157,7.358115,0.6098518
1237655549129262284,238.717646570513,-1.10241237242752,7.35934,1.71386
1237651494678496661,112.475633230426,34.056488166917,7.359477,1.373022
1237651494678496665,112.525026482648,34.0375497424384,18.02004,4.909142
1237663889954177467,20.5196484891143,-1.25319559313548,7.359077,0.455534
1237660750333083778,66.3954466178424,22.8795461162231,27.91642,3.111578
1237652929198556426,309.108869435738,-6.885459196045,7.359095,0.233387
1237645876861338465,336.722138455244,-0.981714952989817,7.357122,0.6450043
1237645876861338467,336.724985919896,-1.02818800804779,7.357122,1.302008
1237645876861403156,336.760221288536,-1.0234060672373,11.38197,1.472097
1237662695954580121,216.689287191853,31.9449235319454,7.358246,1.609095
1237662695954580135,216.727672749783,32.0162015851028,7.358246,1.109705
1237666300525150269,340.813311268507,-0.13298853946178,9.588393,0.7796907
1237656850502779706,343.672889581367,-0.880007829810335,7.358258,0.956419
1237656850502779713,343.679761322595,-1.0222002297317,7.358258,1.284056
1237657584942645279,22.9255028378565,-0.933098921963821,24.63069,1.029356
1237657584942645290,22.9253096073235,-0.933576461099031,14.31162,0.4480877
1237666209236976747,250.043726647777,28.5897416111314,43.77022,0.07545853
1237666209236976753,250.136957178032,28.599240589183,18.01956,0.9698486
1237661351628571019,165.007919965467,54.6555145700662,7.357207,-0.2228947
1237661351628571020,164.967400783846,54.7375771952439,7.357207,0.6630116
1237671066844529387,22.3933992223032,38.3696779887232,6.155008,1.363438
1237668647170147203,176.522989277211,20.8397520325373,7.359541,1.62179
1237668647170147205,176.539067149291,20.6945187041119,18.0202,1.607954
1237657584942645647,22.894670078626,-0.854931094713937,7.359164,0.7672005
1237666300525150895,340.771097822818,-0.131109167326677,11.30326,1.565863
1237667725360234595,82.7692962818425,8.76577213601929,7.437709,7.685038
1237679433441018184,351.564628323679,-3.59166877752139,11.30709,2.033958
1237679433441018205,351.595149930455,-3.5322974965683,166.5321,0.7309341
1237663889954308294,20.7244959968058,-1.10477472205977,11.30448,1.138527
1237651494678561970,112.507690072167,34.0892919571096,7.359231,2.71911
1237666492704424691,327.851316574078,-0.919793491574292,7.360176,1.626554
1237666492704424707,327.863670573946,-1.03715592191876,11.3078,0.9437943
1237665427552535623,193.860626460248,28.8047101702102,7.360062,1.443062
1237663228529934894,246.742777228539,75.8014510075521,7.360594,1.07423
1237663228529934898,247.012519171382,75.6917467209301,11.30844,1.192551
1237663228529934900,247.099329513631,75.6538788116124,7.360594,1.112871
1237666492704425009,327.900171379776,-0.882402026554299,7.360176,0.2256794
1237679433441083650,351.629551247918,-3.57309770886154,11.30766,0.2535915
1237666209237042234,250.322993173431,28.4729567519511,43.77341,2.114191
1237666209237042235,250.340984451369,28.5460714304472,7.35982,1.831636
1237654187634590056,173.62519400366,-1.14637723913868,11.30825,0.750021
1237654866228348258,118.561429642754,-2.03107518924898,7.358804,0.6494293
1237664972286132730,233.26832928932,24.0195731120305,11.30817,1.474037
1237664972286132747,233.223531659662,23.8847385790748,7.360419,1.529377
1237665427552600162,194.101807805282,28.6477767644737,6.115365,0.5214939
1237663889954308971,20.7514971925907,-1.12055179891717,11.30448,3.576588
1237662695954710676,217.003050586553,31.7412000481157,5.246298,0.7873173
1237678845030302909,314.284684499572,5.26875946517949,5.216187,1.551052
1237652929198621111,309.267924116898,-6.73994270652381,7.358649,1.069786
1237662695954710730,217.115961359694,31.7386731674014,6.525632,1.063038
1237663889954373783,20.8594094570665,-1.13621526047299,6.062358,1.393805
1237669516361401317,344.585248974946,5.93298987929343,7.358909,1.418007
1237666492704490086,328.071415023359,-0.883305872293892,7.357579,1.367979
1237679433441149033,351.785155675969,-3.50034358272249,36.25041,0.75033
1237679433441149044,351.785652210694,-3.54786939207727,56.67514,0.9759512
1237679433441149048,351.803271177089,-3.53696581120848,166.5399,1.140652
1237666492704490101,328.088784509732,-0.893177744399381,7.051497,1.130312
1237668647170277967,176.908679847567,20.8634214918334,7.358729,0.8217564
1237661957219025498,194.507595975472,51.0423447931659,7.36001,0.5510044
1237661957219025500,194.499658849752,50.9954660784261,7.36001,1.74622
1237666492704490425,328.00437312475,-0.857074035131514,11.30381,0.9514618
1237665427552600966,194.123496427416,28.8368475473529,11.30713,1.036968
1237645876861534821,337.123060421164,-0.971538911149618,7.355452,0.5439854
1237645876861534826,337.125015195097,-0.833763547134588,5.587286,1.403957
1237680263996375457,351.029565742019,-6.99018194044827,7.359055,1.068117
1237658222745421227,83.0655552174285,0.829498987079982,10.26052,1.340237
1237658222745421238,83.0740211942141,0.810555563200916,11.30632,1.415318
1237658222745421239,83.0746714042214,0.77676526624005,11.30632,1.249496
1237662305648247187,202.188387566197,40.5204972407737,11.30656,1.084446
1237668647170343004,177.043874324647,20.6824313738599,5.781508,0.6607647
1237666209237107917,250.488745044927,28.6095008977207,11.30926,1.964645
1237666209237107923,250.476868432743,28.5420932925473,11.30926,0.4870949
1237657584942776705,23.2309804110021,-0.837432305017082,7.35891,0.4757366
1237657584942776706,23.2313507559592,-0.844155584055708,27.92063,0.326849
1237657584942776720,23.2355874454678,-0.898954381246539,11.30585,0.143383
1237657584942776722,23.2374989250913,-0.838664964486332,7.35891,0.2587414
1237663889954439527,21.0140534470388,-1.1666916820248,7.358235,1.109985
1237662695954776627,217.240279684718,31.8083687418731,7.358522,-0.2833843
1237663228530066214,247.82721023297,75.8791740948394,18.01846,4.277288
1237651494678692139,112.683923931795,34.3580026470866,11.30702,0.6502476
1237665427552731264,194.373835087448,28.7438506824166,5.317511,0.902319
1237666300525282147,340.996863561882,-0.0724180756045993,7.357898,0.7912598
1237661957219156134,194.986042274782,50.8398987163626,5.410796,1.483034
1237651494678692337,112.835115800091,34.3184824991713,7.359669,1.325554
1237666492704620660,328.351544370376,-0.926207725409694,7.360175,3.64325
1237680263996506361,351.356935783255,-7.08122360083693,6.703154,0.3873138
1237663228530131208,248.634241923956,75.9104863418734,7.361907,1.096684
1237680263996506531,351.304904232206,-6.92769680876894,7.361064,0.6644917
1237655549129523222,239.22450592268,-0.955123127645474,8.856709,2.058074
1237654866228413290,118.77460307986,-1.97784500346626,5.288444,0.7140331
1237669516361531689,344.857639631174,5.84077835176569,258.3831,8.176624
1237666300525347346,341.27606575348,-0.195402789698656,7.35827,0.4958706
1237680263996506789,351.264321515285,-6.92137149130827,7.361064,2.306475
1237680263996506792,351.263880421624,-6.99521367972367,18.02392,5.393515
1237666300525347361,341.288337773916,-0.185711195955032,7.35827,0.5277672
1237666300525347364,341.291145155901,-0.143917252989261,7.35827,1.432249
1237663228530131785,248.937458185094,75.8657060623391,11.31046,2.429752
1237663228530131798,248.637895409611,76.0416772604106,258.4824,4.330055
1237661351628439649,164.491087408956,54.5222888155141,11.30615,0.1351109
1237661351628439668,164.441840135485,54.6504174757611,68.30582,-1.057192
1237663228529737839,245.680566004844,75.5556594419348,5.203163,3.698038
1237658222745288898,82.7816134960912,0.811412640078047,18.02175,0.6071033
1237660750333018396,66.399709014748,22.8154093755382,43.77422,0.7847939
1237660750333018400,66.4401172260039,22.8123165621905,43.77422,-1.110178
1237667725359907220,82.7769178930591,9.5146442676637,11.30479,1.059984
1237667725359907223,82.8141138028987,9.51259177986117,68.29762,1.310381
1237667725359907230,82.7906295428135,9.57155712729003,5.997517,0.6817532
1237667725359907231,82.8225025226906,9.51631570825988,7.358219,2.190645
1237666492704293430,327.596435138896,-0.839077605793486,7.358155,1.38504
1237680263996113534,350.348563249017,-6.90710860610754,7.357767,2.122372
1237680263996113535,350.349697185837,-6.89034559061471,7.357767,1.287251
1237658222745289550,82.7399099681792,0.811938214190192,5.067967,1.423737
1237680263996113685,350.397193091657,-6.98517516119639,7.357767,2.557537
1237645876861272752,336.544233641833,-0.894793839442445,7.35686,1.473625
1237660750333019032,66.2692051360114,22.7049463210998,7.359955,1.904522
1237658222745289590,82.7483206569783,0.723115342888568,11.3078,0.6308098
1237679433440821535,351.041698002898,-3.5177750274571,5.067273,1.153263
1237654187634262513,172.879041921868,-1.07402054148224,11.30743,0.7032738
1237671066844464137,22.2277028441108,38.2475351893287,11.30639,1.669718
1237671066844464143,22.3422756560225,38.2391524542252,7.359258,1.883932
1237662695954514706,216.601902754125,31.8689603737638,7.358984,0.8495579
1237662695954514716,216.65520304407,31.9818324527438,7.358984,0.8824272
1237661957218829368,193.810730297096,50.9588747413928,7.359121,2.489613
1237661351628505611,164.698503440672,54.5442059924779,7.35933,1.736296
1237663889954177350,20.4360640297547,-1.25977040527894,5.919645,1.539928
1237655549129262342,238.71014645303,-1.15405316283606,7.35934,4.70372
1237655549129262343,238.723230275949,-0.94768593013959,7.35934,1.310553
1237666492704358917,327.724146528656,-0.928407692234485,11.30326,3.19692
1237657584942579932,22.7380264162139,-1.01037364585001,5.076718,0.4210453
1237671066844528712,22.3490331337845,38.3144013686295,5.871216,0.6211319
1237671066844528719,22.3864565700986,38.3075784525196,7.581254,1.002868
1237671066844528722,22.3783618287981,38.312019043006,43.76876,1.154167
1237666492704359077,327.748225437347,-0.950573125289611,7.357218,1.445501
1237666492704359090,327.755271749015,-0.968773609842823,11.30326,0.9951
1237650004324909629,326.22884378781,-1.07241307371581,7.35961,0.9960823
1237650004324909630,326.229559208059,-1.16175352458717,7.35961,1.146965
1237650004324909631,326.230431755815,-1.08511194706876,11.30693,0.8888187
1237671066844528896,22.2484557630358,38.4016330784545,15.61839,2.003983
1237671066844528897,22.2445779094473,38.4021246979704,17.11482,9.042425
1237666209236976390,250.052981608306,28.6702636604137,43.77022,0.3046074
1237666209236976400,250.062748884716,28.6883418813198,68.30749,0.2358646
1237666209236976407,250.037180748136,28.5599635631791,43.77022,2.24349
1237666209236976409,250.075415881944,28.7137796035529,7.359282,1.645847
1237666300525150298,340.840898037203,-0.100999466632726,7.357218,2.171631
1237662305648116311,201.845938517766,40.5928210872526,11.30651,0.3028698
1237662305648116314,201.836067261782,40.5511333178016,7.359334,-0.05130005
1237656850502779759,343.576781109718,-0.911256256453136,7.358258,0.5397072
1237663228529869472,246.396824744257,75.7488517612587,27.92431,1.28805
1237666492704359458,327.775333672112,-1.0472655207267,27.91421,-0.008384705
1237660750333084163,66.2180515317857,22.9140253806905,7.357801,0.8973198
1237663228529869479,246.818412566492,75.5848384092704,7.359879,1.083061
1237663228529869487,246.608900070985,75.6895047975675,7.359879,1.05818
1237660191987662887,310.484630966554,-1.11991186524946,11.30685,0.4742565
1237663889954243001,20.5516205210851,-1.05337632339532,11.30571,2.500366
1237663889954243003,20.5539266369827,-1.10952576451662,7.358817,1.329096
1237663889954243013,20.5655680986381,-1.15208366656956,43.76745,1.213039
1237680263996244517,350.741820767083,-6.93978027263542,7.360472,0.4815845
1237658222745355165,82.8899003476711,0.66964189396582,5.330566,0.7334023
1237663889954243058,20.6016676243138,-1.05288160922873,7.358817,0.7474194
1237663889954243064,20.6078420161019,-1.16296987904126,7.358817,1.066954
1237666300525150920,340.787308680382,-0.100661054329507,7.357218,1.365253
1237666300525150921,340.787053895602,-0.0898582138178636,7.357218,1.124416
1237661957218959682,194.127348940997,51.032925771283,11.30733,0.3470306
1237656850502845096,343.833177489567,-0.882543018464778,11.30483,1.833635
1237656850502845103,343.842451786638,-0.954204700559512,27.9181,1.365782
1237654866228347608,118.69897393022,-1.85483846374653,12.59477,3.094088
1237661351628636544,165.230026905895,54.6438759402112,11.30645,1.414022
1237658222745419800,83.0531661385964,0.794448819387426,6.916317,0.4990587
1237662695954645664,217.034955955307,31.9124709419618,5.348715,1.447948
1237662695954645667,217.010315787201,31.8437090623919,7.357577,0.9085503
1237671930133021507,158.760092593416,8.08044336116604,258.3893,2.271675
1237663889954308496,20.7708566667064,-1.19471867273505,5.429236,1.602503
1237663889954308506,20.7805906023597,-1.18362859212711,18.01647,0.8501625
1237654187634589845,173.553511906897,-1.0793582683548,7.360467,1.516382
1237680263996310079,350.909945893358,-7.02270151374852,7.360272,1.047262
1237666209237042276,250.200793153545,28.5927402570988,258.4091,2.584469
1237666209237042279,250.204233549204,28.5707742007163,166.5345,0.8742561
1237679433441083849,351.670181146972,-3.51992436415708,258.4184,1.367729
1237679433441083852,351.670279651829,-3.61991671292213,7.360084,1.367338
1237658222745420394,83.0942652028739,0.727743394228847,9.984883,0.4339275
1237660191987664083,310.48636175045,-1.0648445368528,7.359559,0.6790276
1237678845030302855,314.270870069901,5.13344672647477,5.132939,1.436943
1237656850502910699,343.892650710827,-0.921055094235002,7.35593,0.8302803
1237650004325040574,326.468600609209,-1.21828308355905,7.359641,1.270599
1237667205668929725,71.3753077604127,56.9697340326027,17.00866,0.4963779
1237662695954711132,217.07976680938,31.7121975603502,11.30454,0.5823116
1237662695954711145,217.094559024866,31.731569073361,7.358054,0.5311661
1237662695954711181,217.13451517197,31.7825070728516,11.30454,0.2094002
1237654187634786378,173.982179895393,-1.01696364871617,11.30703,1.822123
1237668330951016860,212.597618557363,14.6489596938605,7.35941,0.3420982
1237668647170278202,176.883550732903,20.7024033155895,7.358729,1.337349
1237668647170278214,176.893582014852,20.7616635057056,7.358729,2.256065
1237661351628767345,165.788252114263,54.8484428406918,6.571621,0.681778
1237664972286198614,233.327136315441,23.9207931577574,68.29065,-0.3739204
1237667725360496660,82.8711130346455,8.31033167386005,11.30361,1.166652
1237660750333150370,66.303472677221,23.0140060257942,7.358697,1.858957
1237650004325105976,326.665721735259,-1.21781817628705,6.784779,0.7844219
1237654187634852147,174.226972143416,-1.12583676770562,7.359308,1.245148
1237662305648247724,202.213858880198,40.4263631332336,7.359369,0.8913422
1237666209237172309,250.652847360904,28.5712789124382,27.92559,2.718739
1237660191987728830,310.71798837223,-1.18507847007479,5.508015,1.059786
1237645876861600345,337.331954454429,-0.868836233213724,7.358075,0.3801403
1237657584942777069,23.1710940945304,-0.85420051368249,7.35891,0.7146759
1237657584942777072,23.1752425311747,-0.99153062103829,15.63566,1.082243
1237661957219091183,194.609028668424,50.8843657031985,7.360302,0.8913708
1237663480321673255,308.510104068966,0.928223362362121,7.358078,1.457157
1237661957219091477,194.742090921003,50.9684984754171,7.360302,1.416277
1237661957219091487,194.763531120149,50.9862221847155,11.30799,1.30463
1237671066844659952,22.2858295969918,38.7301448777918,8.439179,1.320723
1237669516361466863,344.787116625713,5.78372599110118,7.358845,0.7595558
1237656850503041711,344.254997927928,-1.01849225773219,7.357521,1.860065
1237654187634982949,174.476040012897,-1.1510408758795,7.199521,1.113955
1237665427552731591,194.339467346725,28.7071856727187,7.359364,1.654985
1237669516361467070,344.700236189697,5.82936915840938,11.30575,0.1648502
1237665427552731754,194.425676328861,28.7671423769791,8.367024,0.6350651
1237661351628768063,165.72953926535,54.7849648856143,18.01378,0.8548946
1237661351628768078,165.722436275024,54.8866495487886,27.91308,0.5263538
1237662305648312333,202.372489147878,40.482923410413,7.359571,1.128922
1237663889954439843,21.0364596505817,-1.17065782972879,11.30482,1.303381
1237663889954439850,21.0411679082953,-1.11994040976445,7.358235,1.298107
1237672131997663370,276.617872820795,13.9531990612077,7.5836,0.4934044
1237671066844660340,22.4586259399416,38.6454504947511,5.61932,1.471344
1237669516361531518,344.844587157967,5.9289691473488,11.30611,1.781111
1237658222745486691,83.2374287109721,0.829657043124675,18.01946,1.727541
1237666492704621027,328.291573662382,-1.04819933659357,11.3078,0.8733616
1237661957219156703,194.817623316116,50.9201945619248,7.360464,2.105637
1237650004325171927,326.821255057391,-1.22493377308414,7.359006,2.940168
1237650004325171932,326.826067198009,-1.17638624586893,7.359006,1.763668
1237660750333215552,66.3092977931033,23.1554717680712,7.359959,-0.2512913
1237668647170473999,177.326227559662,20.8577393666419,18.02161,0.3492661
1237678578742461686,329.431452030801,19.6652375594524,7.359674,1.425049
1237657584942907731,23.4711601248287,-1.03123677144271,11.30521,1.304642
1237657584942907734,23.4727629989143,-1.004234465445,6.385466,0.6142006
1237657584942907762,23.4909935066575,-1.04479167861304,27.91904,-0.01745796
1237667205668864297,71.400062167771,56.7635478449784,18.01847,-1.00811
1237669516361269612,344.246857337087,5.79076117868771,7.027868,0.5570488
1237669516361269616,344.242494534245,5.918248346998,8.609666,0.4730396
1237646798131757365,107.917051986551,0.980093907823441,7.357602,0.9742355
1237645876861272264,336.454089921884,-0.87938339309035,7.35686,0.5660458
1237678578742264341,329.111631902716,19.5428794087586,11.30564,1.958496
1237645876861272433,336.482532493501,-0.901084950920757,11.3027,3.035688
1237680263996113570,350.426758218172,-6.85887816579596,18.01585,1.256216
1237667205668864665,71.4686470946537,56.8038006707168,7.358835,2.379599
1237667725359972662,82.8769388029521,9.38400713595792,5.480514,1.136362
1237660191987597711,310.423018335217,-1.1432156423727,11.30546,0.8689022
1237666492704293683,327.570430980475,-0.888212888511651,7.358155,3.489454
1237666492704293695,327.577565487266,-0.975080576368093,11.30469,1.78862
1237680263996113761,350.482616500696,-6.89021235744952,11.3041,1.350945
1237680263996113766,350.480605229857,-7.02439343788433,18.01585,0.6001663
1237661351628440370,164.575980206608,54.5734791844106,7.359102,2.249462
1237661351628440382,164.626973684395,54.5458117594856,18.01912,0.4065495
1237661351628505169,164.773238146839,54.6344074557258,27.92222,4.754545
1237662695954514693,216.592887399014,31.8720437930361,18.01883,0.7454834
1237674893660324855,304.380901474044,29.730360189664,16.51703,2.022734
1237668647170081330,176.47375940748,20.7883193813234,7.360004,0.2475853
1237664972285936269,232.79739138243,24.187455166561,7.359971,0.7314606
1237654187634327944,172.965108117024,-0.997975847154432,7.359672,2.658842
1237654187634327952,172.971533262065,-0.99021044218665,7.359672,1.833927
1237654187634327961,172.984447836181,-1.13798080904325,7.359672,1.185564
1237650004324909243,326.170432243215,-1.26552204866908,7.35961,0.9127216
1237669516361335131,344.49802935225,5.8227559032364,5.904396,1.381454
1237671066844464719,22.2677133106725,38.2281268949662,11.30639,-0.03013039
1237654187634393123,173.159031291363,-0.944011419813408,35.6069,1.590837
1237661351628505936,164.815103460576,54.7366472966772,7.35933,0.1160278
1237661351628505953,164.851177388532,54.7066039657624,7.35933,2.00913
1237662695954579935,216.731586918685,31.8584638069704,5.173751,1.045149
1237654866228283184,118.492826809544,-1.85525677323199,7.359416,1.3421
1237664972286001430,232.895831424674,24.1254001534885,5.528138,1.057257
1237665427552469856,193.743963555239,28.706565120225,7.360333,1.389427
1237665427552469863,193.759153182587,28.7624980899087,68.31724,0.1821365
1237665427552469866,193.751718801343,28.6613221464519,27.92603,1.174168
1237671066844529007,22.3590407577049,38.414394680096,7.359038,1.480177
1237671066844529019,22.3640129284607,38.4184012361966,8.635092,6.014973
1237680263996244064,350.644360145738,-6.93845805814439,7.360472,1.096998
1237680263996244071,350.650909720644,-6.966189379582,11.30826,2.628387
1237674893660325832,304.219219778877,29.6788781064244,5.045124,1.754349
1237659234211530638,253.952462266874,-1.09097152991959,7.358455,1.020636
1237668330950885643,212.245524143469,14.7765386750724,7.138325,0.4279957
1237661351628571144,165.133316959769,54.6890962290584,7.357207,0.5601139
1237654187634459008,173.309847771959,-1.10958093869084,7.360477,0.7755852
1237654187634459012,173.313575280701,-1.14800972219552,7.360477,0.8641357
1237654187634459020,173.321514128055,-1.01856295468559,11.30826,2.086254
1237654187634459026,173.330271279462,-0.98912951965018,5.150977,1.488537
1237645876861403764,336.87551530424,-0.856677614243251,6.98099,0.7722816
1237645876861403765,336.875720813349,-0.954683121585611,5.010453,0.6242752
1237667725360169439,82.8152992484165,8.98048370506853,5.640027,0.927227
1237664972286067242,233.126643974124,23.9771941846833,7.359069,1.476
1237664972286067246,233.103076244479,23.9230888575771,11.3061,0.787674
1237661957218959781,194.063506910321,50.9870920364931,5.164787,0.5267525
1237669516361335967,344.43262617271,5.90883434679098,7.358622,0.6094856
1237663228529934670,246.921743398233,75.6644271437483,7.360594,0.8880539
1237669516361335997,344.456859072193,5.92001215996103,11.30541,0.2366295
1237671066844529941,22.2084024402874,38.4183409452246,5.177281,0.9901676
1237656850502909991,343.980866230956,-0.883278805292543,5.95358,0.9603271
1237656850502910009,343.993189671036,-0.864309697521962,7.35593,0.8671417
1237671930133021579,158.698458146438,8.09912586613299,18.0195,2.818012
1237671930133021580,158.702050115452,8.117375352292,106.7293,1.691668
1237671930133021587,158.678980102359,8.08703975971556,18.0195,2.133305
1237671930133021588,158.73859844318,8.04619931582387,258.3893,0.8706722
1237667725360300042,82.7624886443942,8.74652391877532,18.01997,1.475744
1237645876861469060,336.910820002701,-0.915786117333935,7.356841,0.6464157
1237666300525216238,340.927503197937,-0.00290385384110031,7.354585,0.2380905
1237666300525216241,340.929882620279,-0.00594961314231288,18.00806,0.8859825
1237680263996309970,350.855267710213,-7.00267345681859,7.360272,0.8017807
1237680263996309986,350.867562303303,-6.9420669257281,7.360272,2.241589
1237680263996309990,350.864509220492,-7.03356997684873,5.792734,1.077013
1237651494678562394,112.622311624889,34.1780028568221,11.30635,0.759306
1237661351628637020,165.415832929786,54.6254196993763,27.92209,1.033852
1237657584942711243,23.0137192751549,-0.838684852939685,11.30237,1.03734
1237657584942711249,23.0173637430794,-1.00790511579268,7.35664,1.446051
1237679433441083825,351.61987334846,-3.55559134786969,258.4184,0.5532322
1237679433441083826,351.622644671828,-3.61252279014574,166.5404,0.5755272
1237679433441083828,351.62342636781,-3.67317721184915,68.31493,0.6080551
1237679433441083830,351.636588666054,-3.57019415035594,258.4184,1.041201
1237679433441083831,351.644427025224,-3.62483737214844,166.5404,0.3221817
1237679433441083837,351.652364193114,-3.49475195346422,258.4184,1.564157
1237656850502910630,343.964710082652,-0.916125223722589,7.35593,2.013184
1237656850502910635,343.967941857849,-0.997889014698091,7.35593,1.414289
1237656850502910638,343.971199247874,-0.906801064753654,7.35593,1.084879
1237656850502910639,343.973074902221,-0.947104447557619,7.35593,1.98197
1237656850502910645,343.980646807045,-0.988406320698267,43.75028,2.411478
1237662305648182214,201.974406695998,40.482713064574,68.30685,1.092621
1237645876861469602,336.933281157763,-1.01415618272961,18.01358,1.476772
1237668647170277792,176.837101695778,20.8030980031329,7.358729,0.8307114
1237668647170277793,176.843668985684,20.6913706244753,18.01821,0.5509529
1237680263996375079,351.085122213256,-6.96214909058808,11.30608,0.7245731
1237664972286198131,233.337200470585,23.866532845662,7.357468,0.9402657
1237654187634721032,173.861638032758,-1.1248534303629,7.35903,1.780275
1237666300525216395,340.8643120028,-0.058806693825664,7.354585,2.222317
1237661957219025527,194.515477282094,51.0022668607639,11.30754,1.89847
1237661957219025541,194.505326205126,50.9251276570427,5.021258,1.371716
1237664972286198267,233.318812307204,23.9069618902498,11.30364,1.644062
1237664972286198275,233.373568476196,23.9891839958498,7.357468,0.9630489
1237656850502975963,344.00029535638,-1.00148112341292,7.357592,0.7930374
1237656850502976002,344.019168267068,-0.919964001102179,11.30383,3.190628
1237661351628702485,165.546400008373,54.8272532273448,7.357635,3.026323
1237654187634786490,174.035706464144,-1.0691228526578,6.54622,0.6949196
1237654187634786501,174.073357617633,-1.01028297344005,5.6144,1.058285
1237666209237107502,250.51722271532,28.5564751631126,5.93223,1.587343
1237671930133151971,159.032048551573,8.1028995225292,5.178374,1.364328
1237645876861535069,337.122602763338,-0.872067160836754,11.30054,1.010506
1237666492704555107,328.186425295046,-0.842192546514886,5.932209,0.6719036
1237661351628767361,165.822144690171,54.8602273402965,5.760218,0.8939266
1237664972286198637,233.3779653587,23.9755418452544,11.30364,3.203329
1237664972286198653,233.423628336404,23.9746299026746,7.357468,0.2679443
1237645876861599752,337.191447322179,-0.984664207201525,7.358075,3.371214
1237657584942776412,23.2317879481695,-0.962354117917348,5.605016,0.9347763
1237663889954374559,20.9761481449675,-1.12167790839971,7.357864,1.314714
1237661351628767566,165.659089567649,54.8366275271177,11.3028,1.101091
1237663228530065688,247.780687963047,75.9091249953747,6.687153,1.599556
1237668330951017343,212.68173572612,14.6844944357802,11.30662,0.8704872
1237656850503041404,344.204907438448,-0.904248722465179,5.522817,1.430145
1237668647170343289,177.009574736843,20.8415941981131,27.92108,0.8185577
1237671066844595699,22.2278577892361,38.4799361092741,7.357651,1.164341
1237668647170343307,177.028651731013,20.7515478442393,68.30512,-0.8439617
1237668647170343312,177.026666993232,20.8188921906552,43.7687,0.03565025
1237668647170343313,177.034861644074,20.7096282684777,11.30604,0.3373356
1237663480321673058,308.464627889648,0.930105421249095,7.358078,1.890703
1237667725360497129,82.9176437990472,8.17217425975745,11.30361,3.6056
1237667725360497130,82.7932264319672,8.16957871246972,11.30361,0.9263382
1237659234211660493,254.316174134165,-1.13922096926146,7.360509,0.3160248
1237663228530131070,249.036436396685,75.9116936612202,7.361907,0.7653809
1237646798131823430,108.108234974852,0.874874341341074,6.206666,1.251989
1237667725360562786,82.9179482635235,8.04570502561219,11.3038,1.831753
1237669516361531569,344.932644759739,5.95959386895177,18.01906,3.54866
1237678845030368280,314.359561175593,5.24255452484284,5.262308,0.4134407
1237657584942907502,23.505551989288,-1.00393837534913,5.47156,0.9575176
1237657584942907505,23.508458943691,-0.978229928692888,7.93856,0.9258175
1237654866228413406,118.82679932081,-2.0078489503059,8.045021,1.023327
1237663228530131855,248.721422045501,75.8736618669932,27.932,1.956758
1237663889954111684,20.3937596049166,-1.13259852095318,5.722356,0.9103451
1237666300525019343,340.421709019039,-0.209540430060873,5.360586,0.7473469
1237660750333018363,66.3442190444513,22.801237634317,11.86958,6.734196
1237660750333018378,66.32910786986,22.8108242378246,7.359955,1.894733
1237657584942448727,22.473399897861,-1.02220145893738,7.359112,3.183727
1237664972285870383,232.670281136503,24.2302193629569,5.272364,0.9914722
1237663889954111931,20.3307145808478,-1.22066011040548,11.30624,0.1424332
1237666300525019644,340.541645698361,-0.0771710110399136,7.358108,0.5798054
1237666492704293386,327.571016992493,-0.862245512887019,7.358155,1.00725
1237666492704293410,327.582486658418,-1.0467329098699,7.358155,0.9236679
1237666300525019950,340.538090492098,-0.187161847970399,27.91759,1.080999
1237666300525019952,340.53760133043,-0.0205509152014876,7.358108,1.021282
1237662305648050791,201.613456480078,40.4432992915203,7.359277,-0.1096592
1237662305648050798,201.643605941355,40.5455650258896,43.77018,-0.2312489
1237663228529738516,245.573682019914,75.4963006021251,7.358841,1.23387
1237645876861272716,336.518058299477,-1.02558214972459,7.35686,1.51955
1237646798131757986,107.97127456675,0.846339024338599,27.91567,9.533293
1237661957218829142,193.799020088913,51.045441176271,7.359121,0.8173046
1237665427552404531,193.520320235587,28.803086336291,7.360389,0.4257946
1237662305648051235,201.639100763584,40.5367395067502,7.359277,1.055239
1237664972285936190,232.862263808133,24.1264714827083,7.359971,1.692417
1237664972285936191,232.837392856498,24.0754790303751,7.359971,0.7361526
1237671930132955296,158.658717689071,8.11913091419039,5.598342,1.22191
1237671930132955298,158.658146315742,8.11794931859432,9.153035,1.112425
1237671066844464483,22.2443586991673,38.2616566859052,7.359258,0.9065094
1237671066844464491,22.4037070055624,38.2465605640638,11.30639,1.34111
1237656850502779095,343.558057833263,-0.927742178097464,7.358258,0.6610985
1237656850502779115,343.574061500889,-0.914792650727769,6.158893,1.333416
1237660750333019841,66.322656658224,22.8149735641415,27.92459,2.907429
1237661351628505769,164.842780160771,54.6871144410777,11.3065,0.9731121
1237661351628505773,164.919386915905,54.5411911634717,18.01968,1.078436
1237656850502779501,343.674127490775,-0.905245909805133,5.984091,1.299992
1237656850502779504,343.676951235154,-0.932209556306859,7.358258,1.332581
1237666209236976497,250.111989517091,28.5529915023456,18.01956,0.7848244
1237668330950820631,212.095331389565,14.7366721838724,68.30222,1.079578
1237666492704424318,327.878162811322,-0.886389148645775,5.284323,1.445118
1237669516361335856,344.516196789781,5.94097813355444,11.30541,1.342546
1237667725360169497,82.8872447487543,8.9454791970653,7.0753,1.161451
1237665427552534986,193.801431235022,28.6729876463841,11.30762,-0.255331
1237661957218959716,194.20990008495,51.0248702313333,7.359869,0.5432835
1237668330950886149,212.334689010119,14.6300487998914,7.359778,2.209074
1237666300525151210,340.723420862487,-0.0040015859081869,11.30326,-0.4810276
1237671930133021522,158.782052074339,8.04961371552205,258.3893,1.209284
1237671930133021529,158.787807592548,8.07434471707825,258.3893,0.6098022
1237663889954308415,20.7180308628049,-1.20465633697892,11.30448,1.909794
1237664972286132383,233.170328609534,23.9878569603246,7.360419,1.084946
1237662305648181836,202.020269298786,40.5213867780137,11.30632,0.9580097
1237651494678562331,112.58514347773,34.1308610581851,7.359231,2.1964
1237651494678562338,112.698553526237,34.0840791226193,18.01944,1.186827
1237663889954308644,20.7130665213071,-1.2444350064761,11.30448,0.8031082
1237665427552600192,194.039460538229,28.7081229875963,7.106409,0.9430809
1237665427552600215,193.964124103507,28.755712192137,5.483335,0.5022621
1237657584942711364,23.0925726940879,-0.959314385793295,7.35664,1.075998
1237654187634655419,173.659698515538,-1.14455299671837,11.30765,0.8063717
1237654187634655426,173.674925384397,-1.05447521566345,11.30765,1.792501
1237654187634655428,173.68015764765,-1.04478486105558,11.30765,1.558605
1237656850502910723,343.944201410928,-0.887087861607888,7.35593,1.290699
1237661957219025133,194.422969015156,51.0611004172234,7.36001,0.548418
1237661957219025153,194.450862254368,51.0617658303949,7.36001,1.174524
1237645876861534339,337.161158686368,-1.03106218813659,7.796247,0.4473934
1237662305648182399,202.109927923004,40.3944252650099,11.30632,1.237389
1237662305648182415,201.933216824552,40.4764695021891,106.7286,0.6108894
1237662305648182418,201.942868505802,40.4838453981732,43.76981,1.462389
1237671930133086932,158.933021373103,7.94950873844569,7.359358,1.274771
1237654187634720845,173.839788272712,-1.02120093119945,5.194992,1.013744
1237654187634720857,173.840783578456,-0.99921366371601,7.190958,0.7251034
1237654187634720863,173.88581713404,-0.998096202157464,7.35903,0.4524384
1237666209237107234,250.357415557627,28.5193847799441,43.78119,0.7912197
1237671930133151854,159.098886821546,8.15817309929076,43.76939,-1.637888
1237661351628702539,165.665234236541,54.703769653311,7.357635,1.369896
1237661351628702549,165.64245144608,54.7729438255114,7.357635,0.7964458
1237661351628702553,165.662598477208,54.7429604827823,7.357635,1.908012
1237661351628702554,165.691286065818,54.6896478371323,7.357635,1.520653
1237645876861534910,337.182814223159,-1.02342652134746,6.064796,0.5170116
1237661351628702688,165.510619341238,54.7712623627981,68.2922,1.8001
1237663228530000817,247.396558775148,75.897692814636,11.30543,1.808304
1237660750333150138,66.3857719243933,23.0510013046121,68.30206,1.435368
1237661957219025955,194.484041991925,50.885601564257,18.02134,0.6335258
1237661957219025964,194.415075634365,50.9471103777393,7.36001,-0.3612099
1237661957219025968,194.311599144027,50.9147835811576,11.30754,1.482811
1237665427552665997,194.216649804574,28.8122204009272,11.30693,4.963032
1237660750333150531,66.3746360685822,23.0760856249601,43.76674,0.3250198
1237660750333150558,66.3782380069471,23.0866980524499,11.30553,1.629412
1237660750333150559,66.374705188919,23.0868182143067,68.30206,2.660679
1237656850503041368,344.176119784218,-0.921381419692162,5.017114,0.9073753
1237671066844595687,22.2155797881899,38.4618195144034,43.76052,0.429266
1237650004325106318,326.743088816666,-1.22193420192861,68.30975,0.7780743
1237679433441215046,351.996202857134,-3.6140386515942,7.359899,1.353989
1237679433441215051,352.005651919886,-3.53651089242158,7.359899,0.7527809
1237664972286263799,233.494477959882,23.8112417662425,11.3072,1.265028
1237664972286263801,233.461076219147,23.745419533728,5.502118,1.23386
1237658222745485885,83.2390830285159,0.738661090922143,11.30636,1.897402
1237662695954776632,217.204986268729,31.7154810537581,7.358522,0.2126007
1237659234211660162,254.309771686722,-1.10242865585441,7.360509,4.206692
1237679433441215217,351.920532151839,-3.69006004578635,43.77389,0.6724777
1237679433441215220,351.90476182425,-3.54389140716397,258.4119,1.743238
1237679433441215222,351.913556960589,-3.66189443051984,43.77389,0.3068409
1237679433441215224,351.937511095952,-3.54793577731015,258.4119,1.593708
1237679433441215225,351.898774393074,-3.523341236545,258.4119,1.568693
1237680263996441175,351.192583273349,-6.91594398380384,11.30694,1.530369
1237646798131823135,108.085219404127,0.8099373031503,17.54823,1.371328
1237646798131823136,108.095573049359,0.806838086148677,8.585619,0.61094
1237646798131823150,108.08243711365,0.810658880156635,11.30364,5.003761
1237660750333214891,66.414964347848,23.1855121497953,11.30747,1.66814
1237679433441280167,352.078169970338,-3.54962880620372,5.848873,0.8796263
1237679433441280168,352.088090289298,-3.5485229835834,20.23598,0.9702015
1237679433441280169,352.089708594009,-3.54626417270591,68.31202,0.2249222
1237679433441280170,352.083429424614,-3.55686980396865,68.31202,0.8641205
1237679433441280177,352.071905543237,-3.55960866405537,68.31202,0.5915928
1237679433441280187,352.086677101336,-3.52516107128116,43.77312,1.318838
1237655549129458823,239.185075232117,-0.953270327213617,27.91597,2.313734
1237658222745486487,83.2515771764644,0.766370106963765,7.359241,1.618753
1237658222745486514,83.2666134804937,0.778436842827454,7.359241,1.379589
1237657584942842337,23.3090960385268,-1.00355560808964,7.358663,1.065378
1237657584942842339,23.30980410176,-1.02442796579422,7.358663,1.561485
1237668330951147676,212.927540974369,14.6725821596629,6.583655,-0.2191658
1237663228530131362,248.515841910009,75.9250387457768,7.361907,0.6378765
1237663228530131367,248.660594965694,75.8647316828549,7.608489,1.780443
1237661351628832864,165.886871153353,54.9052069982731,5.110729,0.4797688
1237680263996506801,351.273186574521,-7.0747921711967,11.30916,2.143711
1237680263996506803,351.278404641885,-6.94414694945865,7.361064,0.8604488
1237680263996506809,351.283485189772,-7.02983774242299,7.361064,2.131804
1237680263996506814,351.288339134971,-7.0341830428228,27.9288,1.453449
1237680263996506819,351.295270384232,-6.96633346174541,7.361064,3.907524
1237668647170409119,177.166927271,20.752748120461,7.35965,1.179502
1237668647170409120,177.166043876736,20.7844377797611,7.35965,3.050329
1237668647170409122,177.172192049698,20.7118802284466,7.35965,1.345978
1237668647170409129,177.183811315221,20.7994140895442,11.30699,1.535784
1237662305648312804,202.385317266593,40.5046762016444,7.359571,0.3768463
1237656850503107345,344.416153207225,-0.960625123713649,7.359607,1.18886
1237656850503107354,344.425819433347,-0.882628851890483,7.359607,0.9258881
1237662695954842323,217.395364137278,31.7334547559154,7.358167,2.052357
1237662695954842325,217.395700217143,31.7273419314092,11.30471,0.6379967
1237680263996571742,351.422581409233,-6.92549008676957,13.36633,1.123861
1237680263996571744,351.42179189828,-6.92301904843538,5.361258,1.228579
1237680263996571745,351.424784337363,-6.92434041590076,5.609246,1.305943
1237650004324843682,326.13493938323,-1.16555446152898,16.07007,1.035383
1237661351628439620,164.623101860515,54.620694346656,13.17999,-0.1099014
1237660750333018292,66.3223637472276,22.7818311002181,20.09203,1.52745
1237657584942448897,22.4040600971812,-0.992358023905224,7.359112,0.5005569
1237657584942448902,22.4099278770186,-0.987030229335426,11.30616,0.8228931
1237657584942448904,22.4091381670565,-0.839783499158843,7.359112,0.9524765
1237680263996113269,350.373909297307,-6.85737129255036,7.357767,1.397591
1237662695954514166,216.659591328652,32.0036566720854,7.358984,-2.464745
1237664972285870606,232.708744006673,24.2473435364315,7.359538,1.400831
1237663889954112105,20.2974161904585,-1.14177893964344,7.35916,1.495085
1237663889954112112,20.3021678797816,-1.19725547842764,7.35916,1.316339
1237657584942449305,22.4753859760951,-0.93500138966943,7.359112,4.053345
1237661351628440240,164.542126745098,54.6501130641264,7.359102,4.525055
1237666300525019987,340.411712175104,-0.169836233429108,18.01669,1.478947
1237667725359972714,82.7963128752013,9.43545862012071,166.5301,0.9026356
1237667725359972720,82.9164208829651,9.42940814247512,258.4023,0.9597397
1237667725359972721,82.9162788041236,9.43090664533059,258.4023,0.7078571
1237667725359972722,82.9029778441831,9.42686232147704,166.5301,0.5921259
1237656850502713892,343.479005144994,-0.998214335370885,7.358536,0.7427006
1237656850502713901,343.484051830231,-1.04419308039545,5.068968,0.7693939
1237660750333019123,66.4379591692402,22.7018277719366,5.6968,0.8022308
1237669516361270252,344.293048358186,5.78537069781178,7.358296,2.325773
1237662695954514557,216.506835451314,31.899069357667,11.30597,0.5054951
1237662695954514564,216.514691901023,31.9104226219653,7.358984,0.512537
1237650004324844468,326.053209661687,-1.17154613492988,7.36112,1.279808
1237661351628440421,164.641635326388,54.5420652920514,7.359102,0.3038883
1237661351628440422,164.611230457023,54.6404731605957,11.30615,2.023417
1237651494678496059,112.541011474325,33.9061652241236,7.359477,0.403616
1237661957218829282,193.766058637827,51.0536141477613,7.359121,0.397068
1237668330950755398,212.050345127412,14.6912997819605,7.358405,1.13526
1237662695954514805,216.536412719894,32.0107246795323,7.358984,0.5165958
1237679433440821683,351.102804870596,-3.67419978513647,11.30833,1.083172
1237679433440821684,351.109034419501,-3.53579086331536,7.360523,2.527231
1237671066844464420,22.4054051799021,38.2056976322826,7.359258,2.195999
1237667725360038258,82.7827411327817,9.26766848463766,10.66579,0.7424545
1237666300525085058,340.613687116952,-0.0229409607506484,7.358091,1.286499
1237654866228282722,118.421744911837,-1.89137000878896,7.359416,1.704575
1237671930132955285,158.652184724177,8.12636710633848,5.330879,1.234415
1237665427552469381,193.658382666908,28.6654488405144,7.360333,0.4977932
1237662305648115812,201.77598473561,40.4431372504169,6.146339,0.6105804
1237662305648115826,201.799273237035,40.4067576269433,11.30651,-1.201073
1237666492704359048,327.729590953688,-0.862757853971896,18.01451,0.4546375
1237666492704359049,327.730299073201,-0.870231820695503,7.357218,0.2636757
1237678845030237989,314.10380088915,5.27785679481271,7.357713,2.310501
1237668330950820671,212.16767512086,14.7267506940956,7.358715,1.871569
1237678578742329713,329.149893751868,19.4699318154557,7.358742,2.019041
1237665427552469880,193.769950529265,28.7867443283682,7.360333,2.479057
1237662695954580364,216.832055945049,31.8382786396757,11.30483,1.693499
1237663480321607904,308.381063872911,1.03631792790288,7.35875,0.6447029
1237656850502844710,343.698303064313,-0.977643055726219,7.358242,1.406689
1237667205668866350,71.1823910571812,56.8998557687067,11.30574,0.352562
1237645876861403651,336.810017781115,-0.972513719914615,7.357275,0.5537624
1237645876861403655,336.813773802571,-0.925707543690904,5.740433,1.788462
1237645876861403661,336.816521851704,-0.926447647050699,11.30334,1.946371
1237661351628571229,164.988378742709,54.6252225659156,11.30324,0.781826
1237662305648116739,201.840984753754,40.4862997318773,7.359334,1.067762
1237662305648116744,201.826353339988,40.4074251069465,7.359334,0.9514217
1237654866228347266,118.631605018564,-1.86924039447928,22.22851,0.9000416
1237654866228347267,118.636043344705,-1.86177879069978,12.07144,6.553219
1237654866228347269,118.629654299879,-1.86299313571597,43.76738,0.9017954
1237668330950885825,212.26761259326,14.7553632252212,27.92392,1.375015
1237666300525150866,340.754182217355,-0.146381264881288,7.357218,0.837244
1237665427552534904,193.943275724303,28.7533375583045,7.360062,1.195002
1237645876861403803,336.737975696095,-0.903090803103008,7.357275,0.7841053
1237656850502844880,343.810737699133,-0.880103596200901,7.358242,0.1663322
1237678845030301966,314.240634927958,5.18473832582821,11.30391,1.519979
1237660750333084765,66.3060572927479,22.8760188138993,7.357801,1.207129
1237679433441018274,351.496348584301,-3.63054879448827,68.3115,0.6208267
1237679433441018276,351.499832025828,-3.53457992781849,7.359715,2.022837
1237654187634524410,173.46859981364,-1.14946718262345,11.30989,0.633461
1237654187634524426,173.339961455897,-0.978336236421339,7.361533,0.8927917
1237671930133021379,158.778067968151,8.05806448001355,258.3893,12.01724
1237661957218960212,194.181503871981,51.0265212962509,7.359869,1.729307
1237664972286132644,233.268876705178,23.8599544594738,7.360419,1.899517
1237668330950951301,212.468189366174,14.6158244117328,5.439596,1.416553
1237650004324975594,326.446378990855,-1.10997868711962,18.0219,0.819664
1237663889954308709,20.7628434070302,-1.21078737081247,7.358018,2.453892
1237663889954308720,20.7711465432158,-1.06278046421373,7.358018,0.9199772
1237663889954308732,20.780281759197,-1.15664708550755,11.30448,0.8602886
1237668330950951332,212.515285593151,14.7592021980173,7.360104,-0.0448246
1237665427552600302,194.119199362454,28.6857056171939,5.072417,0.694931
1237657584942711487,23.0628794062964,-0.878227967353913,7.35664,0.7667522
1237656850502975517,344.024339824671,-0.849145085841765,7.357592,0.6604824
1237666492704490014,328.014222393798,-0.97727627840018,5.11899,1.446388
1237666492704490018,328.012729431693,-0.972383589757549,7.357579,2.327894
1237666492704490028,328.018337932486,-0.874441713745435,11.30381,0.9792042
1237666492704490029,328.019536479022,-0.875759123974709,18.01539,0.2570801
1237668647170277744,176.828091466594,20.6552281091345,7.358729,0.3034611
1237666492704490261,328.024805156981,-0.845831740518304,7.357579,1.132923
1237666492704490266,328.030846645855,-0.951717995244015,18.01539,2.032694
1237666492704490268,328.032842699765,-0.906333648163335,7.357579,0.7440529
1237666492704490270,328.033092804014,-0.93248856094043,7.357579,1.40074
1237666492704490277,328.036452830863,-0.934695021127208,7.357579,1.164915
1237661351628702318,165.41613084416,54.7353005803937,7.357635,2.533552
1237661351628702322,165.37909797645,54.8191178235187,7.357635,0.6887951
1237661351628702328,165.407419071363,54.7825632918682,7.357635,0.7131729
1237662305648246983,202.19068992454,40.3911628207444,11.30656,2.511011
1237671066844594982,22.2922880439959,38.5416380570452,5.142959,0.7190628
1237671930133151838,159.098632269735,8.1688034997111,27.92151,0.8397694
1237658222745421177,83.1656229304515,0.713989430735622,7.359212,3.265215
1237658222745421196,83.0278201326994,0.797721248636579,43.7698,2.28614
1237680263996375542,351.077985076675,-6.90704366397746,7.359055,0.5289803
1237667725360431288,82.8973351605815,8.31300335172515,9.051019,1.971703
1237668330951017090,212.559781590106,14.6056563425216,7.35941,1.221487
1237668647170278435,176.858861315372,20.856434459108,7.358729,-0.6710072
1237678578742396207,329.341983545706,19.6004621788401,7.358953,0.9737053
1237651494678627616,112.778403794755,34.2410683129988,7.359697,2.026899
1237671930133152271,159.039459118725,8.10917209148671,7.359143,0.6934071
1237662695954776170,217.275636214161,31.867142006141,5.971999,0.6444149
1237656850503041195,344.196484322179,-0.86205290001965,6.871235,0.7352676
1237667205668930559,71.3631045426968,56.9908549150975,11.30762,3.543308
1237666209237172283,250.598976242593,28.6173718266486,7.360218,0.6586971
1237661957219090882,194.616880306532,50.8574712381203,7.360302,0.6075649
1237661957219090884,194.646764248852,50.9799229951522,7.360302,2.297516
1237661957219091132,194.591813917599,51.0250133255402,7.360302,0.6356506
1237661957219091137,194.584396982554,50.9934945469774,11.30799,1.335224
1237666492704556050,328.24302860092,-0.883138535287931,11.30543,2.189249
1237656850503041612,344.170378403497,-0.977003981999502,7.357521,2.334244
1237665427552731390,194.316308073154,28.8178350277517,7.359364,1.912577
1237645876861665673,337.393412212219,-0.833062884319903,7.356823,0.4921093
1237680263996506318,351.285708419991,-6.92755567868112,7.408876,1.119389
1237668647170408849,177.194035490769,20.8125805776738,7.35965,0.2810345
1237680263996506556,351.312422512353,-6.96858309989686,11.30916,1.03023
1237680263996506561,351.314196440123,-6.94754473772669,7.361064,2.606483
1237668330951147677,212.927320882159,14.6715358073895,6.092592,0.2584972
1237646798131823717,108.13635223181,0.900811941622777,11.79672,10.73023
1237646798131823722,108.136812514709,0.897419672236961,27.91516,2.094301
1237662305648312779,202.356374876671,40.4329295523763,7.359571,1.396765
1237673708786352627,121.391000250532,-9.07453926686743,18.02282,11.78819
1237679433441345632,352.34184995379,-3.59523842623896,5.837195,0.1680031
1237657584942907677,23.4417799503083,-0.877873858141378,7.358491,0.2353878
1237657584942907686,23.4482698087597,-0.922621565500307,5.324534,0.5862961
1237661351628833263,166.14717741671,54.7815061807784,18.01897,0.4964314
1237679433441345837,352.221386717188,-3.60119160599867,7.124112,1.189411
1237661351628833305,166.148165097278,54.8470822394405,5.233519,1.679651
1237661351628833484,166.148977713533,54.7491239875368,7.359041,0.9489937
1237663228529737741,245.341497609033,75.4645566035903,5.639373,1.051529
1237660750333018164,66.3696219128335,22.7055486907081,19.04908,0.8948374
1237654866228281622,118.454906786418,-2.03147829500808,27.92255,10.38453
1237663228529738223,245.429368573185,75.606407261594,7.358841,0.6949253
1237645876861272463,336.501737998725,-1.03083698583498,11.3027,0.6984406
1237645876861272470,336.505872824524,-0.904746622093351,11.3027,0.9720554
1237662695954514329,216.588561406871,32.0074773172693,7.358984,1.042217
1237662695954514331,216.59510886144,32.0213240934736,7.358984,1.315685
1237662305648050770,201.628597903252,40.5278866943044,11.30642,0.1594658
1237668647170081091,176.378234143655,20.6574434201252,7.360004,0.6069679
1237666492704293755,327.613017393907,-0.885610762205879,7.358155,2.95048
1237666300525020166,340.535013247117,-0.0507072443306571,7.358108,0.9589615
1237671066844463986,22.2719021173575,38.1748335957408,5.770466,1.247217
1237662695954514585,216.561176944049,32.0074729837722,7.358984,0.9889469
1237662695954514598,216.585540526563,32.0465190256711,7.358984,2.039536
1237671930132890542,158.379223780498,7.97985785169414,11.30383,0.6539288
1237663228529803613,245.729287828603,75.5797362901001,7.358231,0.7139473
1237658222745289896,82.8397084404816,0.766807712609045,7.360177,0.9648018
1237666209236975806,250.065409182267,28.709987030211,5.81881,1.68001
1237651494678496450,112.373497401324,33.994452795014,7.359477,1.077457
1237645876861337984,336.599562029912,-1.03277504797633,7.357122,1.698908
1237664972285936159,232.800069879475,24.0592721506437,7.359971,2.166752
1237664972285936160,232.798952032878,24.0583471237656,7.359971,2.685047
1237671930132955487,158.551596030814,7.91735964232152,11.30486,0.7202606
1237671930132955489,158.550707744337,7.94508416713484,7.35826,0.4297295
1237667725360038483,82.8177218473123,9.21572319541434,106.7273,1.748022
1237667725360038487,82.8035372415844,9.21353822374888,43.77882,1.437496
1237657584942579965,22.8334935006174,-1.01155554893249,5.09574,0.5283375
1237679433440887205,351.293759999956,-3.62052121474045,166.554,1.188869
1237664972286001368,232.987639308678,24.1146602087339,6.072073,0.8697739
1237652929198556484,308.993138761045,-6.9004032666543,7.726377,0.2780209
1237668330950820533,212.153354751172,14.6216440612639,7.358715,0.9912834
1237668330950820536,212.159287375049,14.6618203000989,7.358715,1.41979
1237657584942580176,22.7006677646158,-0.976459064803499,7.359328,1.111828
1237657584942580190,22.7114404135646,-0.878717568452611,7.359328,1.946224
1237667725360103835,82.8217079503628,9.11182659392064,7.35805,0.3494701
1237650004324909868,326.194228533868,-1.13750099850073,7.35961,2.085835
1237654187634393527,173.109061466086,-1.07516463197342,7.359867,1.658802
1237654187634393535,173.134541096019,-1.09538710002107,68.31292,1.229866
1237654187634393536,173.13465519986,-1.00986307539255,43.7737,4.406532
1237654187634393537,173.141994020124,-1.01062732275969,11.30733,2.229996
1237654187634393540,173.145651963589,-1.08059926775392,11.30733,1.814529
1237654187634393541,173.14649626726,-1.11917105396065,68.31292,0.6547928
1237654187634393542,173.149712833975,-1.08400379370348,43.7737,3.208454
1237662695954580278,216.803091001205,31.9331937559781,7.358246,1.972618
1237666300525150486,340.83857261971,-0.115184043142636,5.74741,0.4585705
1237661351628570983,164.934065689351,54.7114615810558,11.30324,0.4121399
1237678845030238426,314.163403303724,5.13036261684771,7.357713,3.694387
1237665427552534550,193.826768067253,28.7883692379238,10.54483,1.50226
1237646798131759142,108.039386222504,0.931086882466177,5.359321,1.043619
1237666300525150618,340.773708691936,-0.0812898076430614,7.357218,3.057047
1237662305648116593,201.93748221502,40.5343288959229,11.30651,1.373989
1237665427552534630,193.786438254327,28.7176075817196,7.360062,1.157452
1237668330950885613,212.347424654899,14.7313992394365,6.233617,0.9544563
1237661957218959628,194.212140395499,50.9544598057856,7.372281,0.703598
1237668330950886033,212.255893451626,14.74695285261,106.7368,1.769932
1237663889954243343,20.6846323582343,-1.20672977938806,11.30571,0.5204144
1237663889954243349,20.6850413519978,-1.23071799897941,7.358817,0.5540257
1237663889954243352,20.5769803324781,-1.13828817988317,17.12955,2.137308
1237680263996244995,350.673326084708,-6.93049495714039,7.360472,1.313478
1237657584942646017,22.9782414921906,-0.881430445007206,11.30625,1.444529
1237665427552535272,193.955236461941,28.733412180847,7.360062,0.4883499
1237662695954645556,216.928382954259,31.8733284383451,7.357577,1.574183
1237668647170212417,176.775488690266,20.6697164336116,7.35887,1.177433
1237655549129392194,238.935595312399,-1.06702348500333,11.30508,0.3992996
1237668647170212651,176.783270463401,20.6617732452264,11.30579,1.698334
1237654187634589957,173.579801725114,-0.945183986369011,43.77727,1.82522
1237654187634589963,173.595349866848,-1.1222680269534,5.161065,1.17729
1237654187634589971,173.600286191101,-1.12343278601093,7.360467,0.6287041
1237669516361400775,344.597625854978,5.92486525025847,7.358909,1.923952
1237660750333149383,66.3922141704957,23.0661422996669,27.91982,0.5212994
1237661351628701982,165.402451145146,54.7879071472513,7.357635,0.5799332
1237661351628702017,165.408639563003,54.8208430397338,7.357635,0.4572506
1237666492704490111,328.091530861211,-0.854112965866446,7.357579,3.131212
1237662305648182502,202.136571677312,40.5041086832087,18.01939,2.498945
1237651494678626822,112.565457098551,34.3047256257444,6.111986,2.648991
1237654187634721009,173.829787201031,-1.08647757922859,7.35903,1.436468
1237654187634721012,173.830769916473,-1.02538847409961,11.30604,1.911085
1237655549129392934,238.987594834899,-0.947520936232013,7.358404,0.9328594
1237678578742395726,329.271814100078,19.6431360653608,27.92079,0.8053989
1237680263996375438,351.018771345618,-7.06729820448073,68.30538,-0.2039356
1237660191987664726,310.50997697886,-1.07347427915156,7.359559,0.7473984
1237666300525216581,340.978632214794,-0.202456588661203,7.354585,2.033701
1237662695954711516,217.059934011647,31.8776843461,7.358054,2.759518
1237654866228412773,118.793256497682,-1.87972076349824,14.13931,11.32249
1237664972286198551,233.433981619304,23.9537850633587,7.357468,1.411402
1237664972286198555,233.392295410819,23.8643566229054,7.357468,4.218182
1237662695954711519,217.061344204661,31.8602551789419,11.30454,-1.426374
1237662695954711520,217.041870821705,31.8089481857065,7.358054,1.349335
1237662695954711534,217.070203487198,31.8293688772354,7.358054,0.364069
1237666300525281294,340.999504151477,-0.080395068378643,7.357898,2.850397
1237671066844595350,22.2585431987361,38.5686930311439,5.207541,1.514212
1237662695954711640,217.172260012971,31.8127991343826,7.358054,-2.721466
1237662695954711644,217.041835967185,31.8532677575986,11.30454,0.9901981
1237662695954711647,217.137033111888,31.9054357126644,7.358054,0.6225052
1237662695954711660,217.031590834575,31.7833196988532,11.30454,-4.953039
1237654187634851996,174.093168107612,-0.950922653928784,7.359308,0.9309692
1237654187634852004,174.106939041919,-1.09779306346722,27.92214,3.28908
1237654187634852005,174.108163955543,-1.14292962318727,6.145872,0.4111252
1237654187634852012,174.118391989284,-1.1170598186964,27.92214,1.722618
1237657584942776856,23.1552567854071,-0.836811120009617,7.35891,1.178049
1237657584942776866,23.162826448427,-0.850447318696797,7.35891,1.916393
1237679433441214929,352.045739487226,-3.57216432283038,7.359899,1.366165
1237663889954439438,21.0746315701639,-1.19391676239841,7.358235,3.636875
1237671930133152803,159.039216830429,8.1276302904981,7.359143,-0.01782036
1237661957219091380,194.518168925005,50.8818560235074,7.360302,1.14431
1237661957219091395,194.548189663316,50.9425754215808,18.02206,1.346043
1237645876861600592,337.326046675557,-0.869959799697318,7.358075,0.7923946
1237661957219091440,194.661954292588,50.9871278340735,18.02206,1.341139
1237664972286328858,233.635448413838,23.7118296602897,7.51182,1.08256
1237680263996441350,351.193586938169,-7.01203564727656,7.359618,-0.4005527
1237654187634917803,174.321819308489,-0.994643117205108,7.359383,1.299541
1237661351628767846,165.684602524762,54.8187590589391,7.356921,1.234867
1237645876861665491,337.450203504795,-0.893565613129473,5.18522,1.153305
1237669516361467106,344.733951036808,5.90227222109242,27.92038,2.047174
1237669516361467107,344.734621653,5.89663822306715,7.358845,1.692799
1237669516361467110,344.741500261627,5.80745879899702,11.30575,1.116714
1237669516361467112,344.740626532071,5.87932537384585,11.30575,1.971127
1237669516361467117,344.744197375201,5.93411365048613,7.358845,0.8378792
1237679433441280438,352.170763354696,-3.62696663962056,5.498531,1.73683
1237663889954439890,21.0780815138931,-1.25169403233349,7.358235,1.234211
1237663889954439904,21.0881784417672,-1.06095913006049,7.358235,1.473331
1237663228530131265,248.935556881017,75.908554966953,6.485771,0.5824146
1237655549129458927,239.124971917835,-0.952128256109544,7.357682,1.914923
1237673708786352471,121.35966508605,-9.08898462905118,7.360612,2.965942
1237666209237173282,250.63336420001,28.4286823766533,11.30786,0.890707
1237680263996506914,351.249104728925,-7.06391353449015,18.02392,0.6574383
1237663228530131721,248.499060336009,75.9096135302768,11.31046,1.335938
1237662695954842171,217.370841314436,31.7349388805403,7.358167,0.7455597
1237662695954842178,217.396281342596,31.7626988665406,7.358167,1.379625
1237662695954842180,217.346713223662,31.6355183431786,7.358167,0.7605476
1237679433441345863,352.258281762744,-3.63846077631647,258.4218,1.325197
1237679433441345886,352.273078856413,-3.68762067580665,7.360183,0.5529957
1237673708786352880,121.419561640084,-9.03959173588709,11.30847,2.049597
1237663480321736961,308.677333770054,0.929602724479621,7.359146,1.321535
1237671930133217369,159.267610963104,8.1677071662844,6.610577,4.614386
1237666492704293070,327.611852483666,-1.02236312927947,5.695125,0.7258854
1237669516361269433,344.389517279593,5.7965658285364,27.9183,0.3376484
1237669516361269435,344.388675816107,5.80156167563247,18.01715,1.826475
1237666492704293092,327.632496907035,-1.02069681026125,5.940472,0.6845303
1237663228529737853,245.961931000734,75.472951435754,18.01848,7.530796
1237661957218828540,193.71195531898,51.107862165247,7.359121,0.6819172
1237661957218828679,193.632722268673,50.9922906360088,7.359121,0.2679634
1237663889954112097,20.2921578427323,-1.09126342790186,18.01926,1.28783
1237666300525019808,340.453784634465,-0.196122929844608,18.01669,1.583939
1237661351628440282,164.667397746417,54.5248903411909,11.30615,1.723776
1237661351628440287,164.595005709979,54.6719849986682,11.30615,0.6104774
1237662695954514443,216.588755876229,31.8463206915377,11.30597,0.5821896
1237661351628440329,164.462955962345,54.4785110604749,11.30615,2.200253
1237661351628440338,164.48199493179,54.5107187734793,27.92136,0.3187599
1237663228529803475,246.136343243909,75.6926720437212,7.283738,0.6912823
1237663228529803491,245.714296720581,75.635957218249,6.224468,0.4951973
1237668330950755453,211.999931420358,14.7331648589727,7.358405,1.169891
1237660750333019461,66.4380403367059,22.7324593332792,7.359955,1.674583
1237660750333019717,66.3183296611281,22.6991925497332,7.359955,1.381266
1237657584942579732,22.7518498769385,-0.938916373830615,5.68057,0.5970917
1237661351628505664,164.727669454734,54.6473736309787,7.35933,2.260059
1237679433440887113,351.18425526104,-3.59990207377524,7.360684,1.061033
1237679433440887117,351.196973660417,-3.64493944985283,11.30858,1.526983
1237663889954177569,20.4412593326206,-1.13513702044158,7.359077,1.286659
1237663889954177576,20.4470560973971,-1.11715517077002,7.359077,1.943295
1237663889954177578,20.4489207802814,-1.22581674135207,7.359077,0.7113667
1237663889954177580,20.4496333469164,-1.09373860986133,7.359077,1.020437
1237654866228283072,118.415449234521,-2.04273961680023,7.359416,1.270544
1237664972286001301,232.987696505676,24.089477129481,11.08284,0.9990826
1237669516361335518,344.486254774755,5.88390969044255,7.358622,0.6322384
1237667725360103753,82.8251633334298,9.08393069569795,5.808713,0.5067787
1237667725360103754,82.820981401897,9.08759124562176,11.30453,0.7401695
1237660750333083939,66.4305603340247,22.9527931486693,27.91642,7.028431
1237678578742329811,329.164345269502,19.5718790962467,7.373613,0.9935093
1237668330950885421,212.245127521791,14.6415631826059,27.92392,1.311314
1237678578742329835,329.16480557699,19.6041342839794,5.023616,0.9333324
1237668647170146950,176.630986377546,20.6485563690527,7.359541,0.753252
1237668330950885453,212.281602476172,14.7612466138419,7.378143,0.7685165
1237663228529869536,246.630304952833,75.7546701046893,7.359879,1.176903
1237663228529869538,246.664056154977,75.7432329601254,7.359879,1.164263
1237663228529869549,246.967909331211,75.6330686710732,7.359879,1.34277
1237680263996244299,350.653398260956,-6.94334004803877,7.360472,1.218893
1237663228529869555,246.838376005116,75.6970797120908,11.30734,2.378248
1237666492704423971,327.82818416801,-1.03454781003611,7.360176,1.59454
1237666492704424120,327.891249828746,-0.87366216805507,7.360176,1.932962
1237666492704424124,327.880480058651,-0.845553548172328,5.153482,1.083008
1237666492704424126,327.894311937293,-0.851803305447958,11.3078,2.908508
1237654187634458890,173.272307187984,-1.00591518211949,5.346645,0.3457775
1237654187634458894,173.27658915565,-0.994725635048937,7.360477,1.067165
1237654187634458904,173.303519811203,-1.09453526270777,7.360477,0.680542
1237654187634458906,173.305884626526,-1.02625759401324,6.325153,0.8789272
1237654187634458915,173.32920298146,-1.06577302186059,7.360477,1.548365
1237668330950885879,212.281787532707,14.6307086010337,11.30719,0.7567501
1237668330950885884,212.295578740885,14.6712430379114,5.063666,0.6564865
1237663889954243202,20.5730630879164,-1.08530342330655,18.01842,0.8145885
1237645876861403849,336.777022295659,-0.89906801781539,7.357275,1.747553
1237645876861403856,336.791007359737,-0.868860184867402,7.357275,1.613285
1237645876861403859,336.79165513295,-0.898761055530107,7.357275,1.883476
1237645876861403864,336.796082692574,-0.930535320176092,18.01465,2.832754
1237679433441018231,351.461545720908,-3.52895701008654,7.359715,2.582975
1237664972286067418,233.146522601366,23.9857610770026,11.3061,0.6588459
1237662695954645709,216.882421157788,31.9586121758478,7.357577,1.110292
1237662695954645710,216.883990625779,31.9599937503896,7.357577,2.922033
1237658222745419877,83.0343786896975,0.727397051146298,11.30632,3.994051
1237658222745419894,83.0322926984961,0.781215632403164,8.146289,6.969002
1237666492704489481,327.971870425959,-0.993923677957904,15.52798,7.465933
1237661957218960389,194.069021514296,50.9423812738009,18.021,1.738764
1237661957218960407,194.124141032626,51.044840146703,18.021,0.2037716
1237663228529934974,247.117207110095,75.793093618481,7.360594,1.508554
1237660750333085353,66.2277467871996,22.8709435214595,11.30415,1.228376
1237652929198620787,309.166407848233,-6.72886188753011,7.358649,3.230568
1237664972286132754,233.23207768918,23.896144191886,7.360419,0.9909592
1237662695954646144,216.97361453293,31.8251442882353,7.357577,1.103935
1237662695954646146,217.036254851116,31.9234302777548,18.01539,6.940788
1237666209237042306,250.260629222388,28.5512996509449,166.5345,0.07057571
1237666209237042308,250.264250652024,28.5556775246319,7.35982,0.6478176
1237664972286132904,233.317192729153,24.0094662568928,11.30817,3.98822
1237664972286132909,233.254739323675,23.8804567894548,18.02235,2.302769
1237679433441083876,351.703952132706,-3.69244545198992,5.636209,1.801027
1237651494678626513,112.692214286784,34.2575705804118,27.92362,10.87622
1237662305648182322,202.078076843304,40.5342572824106,7.359213,1.02762
1237661351628702192,165.532099513863,54.8571752429778,7.357635,1.632128
1237658222745420785,83.065812284786,0.804839356837341,106.7286,0.5344296
1237658222745420794,83.0690845715227,0.803255269271849,18.01939,1.148893
1237666492704490189,327.975543160119,-0.840882173129107,27.91558,2.526476
1237666492704490193,327.98013775379,-1.01442509159539,7.357579,1.462208
1237668647170277913,176.890477172297,20.7846948535384,7.358729,0.5938168
1237668647170277924,176.891904973044,20.8345772747705,7.358729,0.2638454
1237680263996375355,350.969868845182,-7.02073519859121,7.359055,1.014175
1237658222745421006,83.0200034587598,0.736055446187618,68.30684,1.982634
1237658222745421016,83.0241252502954,0.726071499597283,27.92178,2.37941
1237658222745421021,83.0248307024402,0.768993554637813,7.359212,2.349117
1237658222745421023,83.0293369752134,0.721018332483837,27.92178,1.940083
1237679433441149352,351.871914578153,-3.6363092724488,5.838906,0.7849865
1237679433441149365,351.887270524543,-3.63523965645142,5.048453,0.6065693
1237659234211595943,254.182054725514,-1.14860594825192,7.3588,1.003225
1237645876861534944,337.050137559693,-0.950450773189065,7.355452,0.7435417
1237663889954374274,20.8847172682301,-1.24471627749216,7.357864,0.3784847
1237663889954374279,20.8902156571471,-1.2487999608131,43.76178,0.565937
1237654866228412680,118.774083176195,-2.02024039582358,10.38369,9.218302
1237654866228412681,118.77542058098,-2.02064009034001,14.14422,0.6762428
1237660750333150216,66.3477805083952,23.1090963232544,11.30553,0.7511501
1237654187634786683,174.03259737684,-1.1167611461113,7.359676,1.215191
1237654187634786689,174.044130138104,-1.02626575350383,43.77256,2.027138
1237666300525281775,341.077359789958,-0.0745678884936584,7.357898,0.1249638
1237665427552666323,194.226386848073,28.660146494343,11.30693,0.9845772
1237665427552666326,194.237708265604,28.758630796023,7.359612,1.202463
1237662695954776496,217.262860428971,31.6609242499061,11.30526,3.516792
1237662695954776501,217.25536341513,31.6612456928725,12.71656,0.3733978
1237665427552666340,194.251314106869,28.793866128751,27.92329,1.365618
1237665427552666353,194.258877031703,28.8070836762077,7.359612,3.803915
1237680263996440917,351.145079662533,-6.91135172890164,7.359618,-2.22537
1237680263996440929,351.153096387768,-7.03868110995784,6.393352,0.4394131
1237655549129458310,239.04985448348,-1.04346156461706,7.357682,0.5191956
1237662695954776772,217.324255978345,31.8181565286256,7.358522,0.4188175
1237663228530066076,248.070402411185,75.8818609605991,7.358832,2.587059
1237663228530066095,248.007881608948,75.9375588644944,11.30574,0.7903404
1237665427552731441,194.378725558196,28.6400605510899,7.163299,0.6962547
1237668330951082571,212.679672057314,14.5939918351756,7.357886,1.169916
1237668647170408481,177.215251206958,20.8700792124299,15.94453,0.2737474
1237666209237172811,250.527864306432,28.5499030194716,11.30786,1.05295
1237661351628767957,165.786295097241,54.8920236704574,7.356921,1.143726
1237661351628767967,165.876220816056,54.7252967223414,11.3028,1.025311
1237666209237172929,250.607881922593,28.5899188740783,11.30786,2.797087
1237664972286329173,233.68971354988,23.7518680045994,7.360165,0.780489
1237655549129458882,239.072879348829,-1.10049226477687,7.357682,0.4397507
1237673708786352296,121.325399022492,-9.16179243719109,5.824958,1.133413
1237666209237173253,250.619412327804,28.4373199825147,7.360218,1.229189
1237663228530131438,248.64360877005,76.0073639763594,7.361907,0.8645554
1237663228530131450,248.756812936288,75.9685512478153,7.361907,0.6799755
1237662305648312600,202.387281504587,40.4569417332744,5.106432,0.4503937
1237663228530131639,248.549897083039,76.0452454845625,166.5817,1.74896
1237663228530131642,248.921338867273,75.8772020781932,7.361907,0.982378
1237663228530131644,248.661759485036,76.0069588373735,7.361907,0.7410126
1237671066844660916,22.2579294454212,38.716352020036,7.358047,1.669758
1237668330951148407,212.858229045252,14.554368292507,11.30334,2.800968
1237656850502713356,343.437466346262,-0.890330091435131,18.01773,4.015177
1237654187634196551,172.637434712535,-1.08307320342236,7.358911,3.943859
1237679433440756012,350.948806594476,-3.56315954261108,7.359971,0.8601608
1237679433440756018,350.954751067401,-3.65642159956023,7.214478,1.227909
1237679433440756039,350.979051565591,-3.623035411461,7.359971,1.206984
1237679433440756048,350.989324537825,-3.55830803767189,106.7396,0.8713169
1237679433440756050,350.990250099953,-3.68040168588368,11.30749,1.334974
1237679433440756075,350.845648183487,-3.66678927663162,68.31388,1.401487
1237679433440756078,350.848621302397,-3.66135304822908,68.31388,1.48381
1237661351628439948,164.55251279496,54.5539346474311,7.359102,0.9229259
1237654866228281875,118.511201111979,-2.04667298586589,11.30663,1.146042
1237662695954514127,216.582600493745,32.0333554441588,7.358984,-0.9586544
1237666209236910711,249.923480281639,28.5789671598774,6.229006,1.465168
1237645876861272783,336.574195799175,-0.963102501794552,11.3027,1.110546
1237665427552404231,193.487719195472,28.7204062636362,7.360389,0.8372078
1237665427552404234,193.490561489305,28.7527926092954,18.02227,0.5529594
1237665427552404235,193.488398600409,28.7048806597466,7.360389,0.7503738
1237673708786221896,121.034931097109,-9.26858797740518,7.360054,1.700418
1237668330950755059,211.919321644617,14.7227533124654,7.358405,0.7032795
1237668330950755060,211.927977838541,14.776882214944,7.358405,1.572739
1237678578742264840,329.121874209872,19.4138799481045,5.644399,0.8248005
1237645876861337739,336.634877478557,-0.985764967479531,6.206286,0.4407444
1237663889954112404,20.3772098619246,-1.05665919264237,27.92158,1.842449
1237655549129261996,238.672497684041,-0.978496675530593,7.35934,1.989037
1237664972285936061,232.728876892352,24.1073917292785,5.397818,1.426872
1237666209236975765,250.007420453219,28.5544126409686,8.774322,0.3697453
1237657584942514733,22.6155266767016,-0.969380294341907,11.3062,0.9592743
1237657584942514745,22.6215579564194,-0.922611697589045,11.3062,1.894951
1237678578742265166,329.094706225827,19.5951850617448,7.358767,1.579243
1237657584942514871,22.5883220589672,-0.975760382802277,68.30614,0.1604881
1237657584942514890,22.6163054846007,-0.903085953820943,7.359138,2.362181
1237668330950820039,212.061517703658,14.6746118761869,11.30555,0.8109379
1237667725360038414,82.8808391013448,9.21023277167481,68.30598,2.388182
1237666209236976003,250.031504999064,28.6455654446058,7.359282,2.387302
1237666209236976013,250.043794959809,28.5800267937879,6.685926,0.3250141
1237679433440887188,351.276881559871,-3.52611972241629,11.30858,0.3456497
1237679433440887191,351.287028367228,-3.50988398139296,7.360684,1.235624
1237680263996179247,350.633077958233,-6.91078594633407,27.91761,0.9737892
1237661351628505916,164.849178559727,54.5953392520226,7.35933,0.6590195
1237661351628505917,164.874863898965,54.5513937362245,7.35933,1.05933
1237663228529869161,246.597835278516,75.7153736237724,5.113554,0.6330757
1237663228529869185,246.513763881346,75.5400795489587,6.443403,-0.01564026
1237656850502779614,343.589088280082,-0.89667663733269,7.358258,2.412971
1237656850502779627,343.603871129868,-1.02244962984665,18.01705,1.362076
1237666209236976583,250.021274569491,28.6457968089733,7.359282,1.692732
1237666209236976587,250.040810296734,28.7150197994606,11.30643,-0.2056293
1237668330950820741,212.077302643362,14.7250015967899,68.30222,13.27456
1237668330950885381,212.247205085464,14.7581867793732,10.84568,0.7729597
1237661351628570891,165.029894757596,54.7184513534011,5.118784,0.4487305
1237661351628571116,165.120261431328,54.6344756224739,7.357207,0.5096169
1237659234211530834,254.057958083512,-1.03368298401142,7.358455,0.5416756
1237680263996244550,350.752791812505,-6.88467729086987,7.360472,0.7270489
1237663228529934556,247.30953270261,75.781550285679,5.675765,0.9230614
1237678578742330436,329.198448888575,19.5142028019951,7.358742,2.139576
1237656850502845026,343.756892015471,-0.938097515928195,7.358242,1.293371
1237656850502845043,343.773250663767,-0.850405776836628,7.358242,0.6830616
1237666492704424442,327.965804652946,-1.02518361565769,5.622293,0.4526615
1237666492704424459,327.819196422361,-1.04557237716459,11.3078,1.649946
1237680263996244837,350.637742105936,-7.04361904043947,18.02248,1.567802
1237666492704424469,327.832046262599,-0.993896880342884,11.3078,1.569515
1237669516361400384,344.630743714953,5.87136280762629,27.92063,0.9557629
1237654187634524510,173.438756549222,-1.07898740631231,7.361533,0.7895432
1237654187634524519,173.457996824678,-0.989174901528909,7.361533,0.427906
1237654187634524521,173.459149418925,-0.979028166085099,7.361533,4.382097
1237654187634524524,173.4666102305,-0.978792512373016,6.955655,1.888168
1237654187634524525,173.468983494561,-1.04135295630604,27.93058,1.092993
1237650004324975328,326.336119648161,-1.18563362985191,7.360235,1.027809
1237660750333085159,66.373172529111,22.9247057722948,7.357801,1.25581
1237660750333085161,66.4052846515041,22.9247095672103,11.30415,1.247763
1237661351628636767,165.199871801797,54.6976123110086,7.359295,3.055311
1237661351628636775,165.255544104517,54.6296085009504,11.30645,1.199335
1237666300525216210,340.919309637953,-0.0603899697725524,7.354585,0.4221916
1237661957219024939,194.372996840159,51.0583549780732,5.67747,0.4122581
1237664972286132780,233.292801929973,23.9387282220033,5.299775,1.855286
1237665427552600379,193.98324069045,28.6885766565237,7.35974,0.710474
1237664972286132976,233.297036592086,23.8910448160331,7.360419,0.949316
1237664972286197790,233.370713762675,23.8102278129889,7.640502,1.484344
1237654187634720933,173.851653882899,-1.03897909749715,7.35903,0.3917179
1237662695954711022,217.04643938678,31.7790390750124,68.29609,2.102276
1237671066844594777,22.2694520665042,38.4972902789443,7.357651,1.556578
1237646798131760969,107.984307566766,0.8365333402589,7.357602,1.164356
1237662695954711163,217.116049385094,31.7565267870815,7.358054,0.8531342
1237662695954711171,217.126660343893,31.7753996118424,7.358054,1.670504
1237666492704490352,328.101823873439,-0.995098885003186,7.357579,1.147318
1237667725360431185,82.9096754604612,8.35232600349771,7.360371,1.172668
1237662695954711352,217.096089015573,31.8468303377415,7.358054,1.093554
1237662695954711354,217.059791930141,31.7537426545964,7.358054,1.3568
1237662695954711361,217.059502638785,31.7295233899878,11.30454,1.390156
1237654866228412743,118.777662052201,-1.91716478519318,7.3592,0.7901325
1237661957219025919,194.527349810681,51.0117421993667,7.36001,1.996002
1237661957219025922,194.537351778581,51.0262827847941,18.02134,0.5638905
1237663889954374413,20.9738910440145,-1.23291515057777,7.357864,1.213165
1237663889954374417,20.9764061171189,-1.25724223321997,7.357864,1.17724
1237662305648247477,202.26819021468,40.4262990792312,7.359369,0.345829
1237661957219090616,194.618006030197,50.9996000511589,10.35246,0.5898666
1237678578742396226,329.344503383584,19.6269502090336,7.358953,1.81209
1237651494678627639,112.805096349029,34.2471998990218,7.359697,1.340933
1237671930133152298,159.053084709657,8.10231836197964,7.359143,0.2784615
1237666492704555602,328.152574585035,-0.983228710455976,7.358632,0.7474651
1237669516361466470,344.728127070709,5.97064374827384,18.01849,0.9287586
1237669516361466481,344.732550067445,5.93267901025301,18.01849,0.8175564
1237645876861600119,337.196173103883,-0.919075667832719,11.30457,1.630529
1237645876861600133,337.201553360579,-0.946803383826288,18.01661,1.012396
1237650004325106354,326.613265164385,-1.0730338689881,7.359525,0.9773045
1237668647170343452,177.099139303023,20.7220847682026,11.30604,0.8745232
1237668647170343463,177.100784807785,20.7345915673509,7.359027,0.7055531
1237680263996441114,351.12109493167,-6.88947782047649,7.359618,1.183533
1237668647170343604,177.017634605331,20.8545460946512,11.30604,1.584173
1237668647170343614,177.037132695599,20.775997697621,18.01894,1.576385
1237662695954777134,217.346808988123,31.7934805989586,18.0177,2.391384
1237661957219156098,194.920264193893,50.9995490125041,7.360464,0.2232304
1237646798131823310,108.105471046037,0.836341694392126,19.17423,1.437265
1237646798131823315,108.105050336387,0.838919560336882,27.91516,0.8515739
1237669516361467012,344.841198249834,5.829663387151,18.01849,0.5461159
1237662305648312525,202.466552087792,40.4246831334179,6.070484,0.5437317
1237680263996506622,351.342124587088,-6.99374238154266,7.361064,1.315313
1237668647170409076,177.297498042046,20.7240348226965,5.022741,0.806036
1237661957219156755,194.877414592679,50.9866418813569,7.360464,0.6568718
1237661957219156758,194.878808975915,50.9721525335612,11.30824,0.8087177
1237666300525347521,341.233126966995,-0.105752256855799,7.35827,1.267244
1237680263996506999,351.357112400312,-6.93336846131369,7.361064,1.320898
1237668647170409302,177.150745568258,20.8426212594906,7.35965,1.326143
1237668647170409306,177.19028776191,20.7493438924242,11.30699,0.3242397
1237657584942908022,23.5404418146988,-1.01473560408375,68.30015,1.753746
1237657584942908024,23.5404846259894,-1.01174049592497,18.01763,4.090996
1237657584942908026,23.5449590954788,-0.922336998869004,7.358491,1.867416
1237663889954505236,21.2696400617011,-1.10849181279429,11.30525,1.0889
1237646798131824480,108.188228635743,0.946098098120993,18.01512,1.668011
1237666209237238188,250.830340755313,28.5043603120697,7.358646,2.564997
1237657584942973023,23.6890781775029,-0.994900865123265,7.95564,0.923337
1237657584942973031,23.7031197414929,-1.0212716087954,9.024185,0.5220528
1237664972286394874,233.88175485342,23.6978838298412,7.357547,1.853033
1237664972286394886,233.859120356186,23.6372866060708,11.30376,1.345854
1237664972286394890,233.876614102156,23.6671267067265,7.357547,1.236759
1237680263996572044,351.429478174694,-7.07104557338556,18.02096,-2.231112
1237680263996572058,351.432872506262,-7.05451745595376,18.02096,1.075083
1237666209236910190,249.865242421926,28.677730820799,11.6309,1.32506
1237666209236910191,249.90689721068,28.679331279477,5.304811,1.122221
1237666209236910201,249.870216652165,28.6754012049641,7.358793,0.7032757
1237680263996113215,350.341292868559,-7.03910817504575,11.3041,1.165174
1237654187634196778,172.699423308407,-1.14347612701674,7.540226,1.810692
1237663228529738215,245.420516067583,75.5976621135272,7.358841,0.5088997
1237666492704293553,327.665016367608,-0.919145732820199,11.30469,0.4478893
1237662695954514369,216.582381113762,31.9437875984613,7.358984,0.4785347
1237671930132890412,158.449169279399,8.06113674077987,7.357589,3.139473
1237663228529803631,245.773898507334,75.5955889305344,7.358231,-0.1869698
1237663228529803637,245.903978976429,75.5522065907611,7.300394,1.530647
1237663228529803639,246.046748485809,75.491587007177,68.29773,1.215801
1237663228529803642,246.073778243946,75.4835551011398,11.30481,0.8580132
1237660750333019399,66.3293929362382,22.7012428874787,7.359955,1.00489
1237661957218893911,194.013229788328,51.0625494702199,5.716085,0.7892799
1237661957218893918,194.018975511339,50.9293606295075,11.98782,0.807538
1237654187634327813,173.011176690938,-1.07327796844411,7.359672,0.210762
1237658222745290136,82.8359936885592,0.656344411248088,7.360177,1.580862
1237663228529868837,246.534128361066,75.5796246048173,7.359879,0.2998066
1237678845030237752,314.037511107971,5.18691223716047,7.357713,1.653053
1237646798131758723,108.008398825455,0.861888127690636,5.075233,0.9211292
1237671066844528736,22.3658284053382,38.3247233844302,6.92288,0.9355545
1237673708786222785,121.144339911049,-9.25310868081815,7.360054,-2.570482
1237664972286001509,232.981623436065,24.0618225188404,7.360575,0.5693378
1237668647170146695,176.536838055441,20.8414682017793,7.359541,0.878643
1237668647170146707,176.544271576503,20.8495434902513,7.359541,0.6094704
1237661957218894629,193.945518196923,51.0239252804915,7.359409,1.575821
1237661957218894636,193.943490959588,50.9911157750616,7.359409,1.126705
1237661957218894638,193.928361977391,50.9046773131446,18.01987,1.120756
1237662695954580176,216.724971266256,31.9139325038859,7.358246,4.285948
1237662695954580183,216.705002940491,31.8539845956859,7.358246,1.583691
1237668647170146821,176.581880234551,20.7448335417725,5.912306,1.636568
1237668330950820693,212.194176123915,14.6410639612131,7.358715,2.320938
1237660191987599145,310.360678243338,-1.25725620180822,11.30546,0.7839203
1237666300525150542,340.715094982365,-0.136244245050141,7.357218,2.908512
1237645876861403459,336.797910559858,-0.919051754873523,6.486574,0.8627167
1237679433440952694,351.441416428022,-3.56673687990438,106.7415,0.7127876
1237668330950885549,212.332461691751,14.7771398920363,6.95796,0.6090317
1237661351628571063,165.086215153586,54.5717317635899,7.357207,0.4255867
1237658222745355160,82.8875004811014,0.741340372111097,7.35776,1.037159
1237667725360169517,82.7752247421988,8.9293714673895,6.916963,1.999403
1237665427552535030,193.83320335745,28.7573088124869,7.360062,0.8876362
1237679433441018068,351.450274613116,-3.56176032643454,5.07574,1.184372
1237679433441018071,351.450813406573,-3.56874900230449,68.3115,0.685751
1237668330950886129,212.342849788919,14.7877479810119,7.359778,1.735178
1237667205668866758,71.4436985274686,56.8199822190554,7.358835,3.669241
1237645876861404095,336.823464237772,-1.01572406013342,18.01465,0.9222145
1237645876861468677,336.888662293911,-0.969606948231389,11.30268,2.861147
1237679433441018354,351.591763614887,-3.53733698855766,166.5321,0.5933495
1237668330950886289,212.371588426344,14.7828274754974,11.30719,1.318575
1237668330950886290,212.224095031408,14.6806590872493,27.92392,-0.04849243
1237668330950886296,212.318750170964,14.6936383081232,7.359778,1.862988
1237671066844529992,22.3816847524898,38.4110699687347,7.359038,0.7571106
1237671066844530011,22.4134564431656,38.4142597164566,7.359038,1.211306
1237666209237041978,250.188848035992,28.6008168661884,7.35982,0.5852585
1237666209237041979,250.170863249106,28.5135064254601,43.77341,3.379971
1237666209237041984,250.173321066682,28.5133916577494,27.92408,2.563019
1237666209237041987,250.186950833898,28.5615493602171,68.31248,0.5844975
1237658222745420020,83.0963529762003,0.831572603572766,6.049696,0.5734787
1237668330950951124,212.48546545207,14.7669570482691,27.92516,0.5863037
1237662305648181787,201.986973741429,40.480698893387,7.359213,0.395092
1237664972286132521,233.140090093389,23.9209768292091,7.360419,1.781391
1237671066844530266,22.2640324679776,38.415901096531,11.30605,2.339787
1237671066844530267,22.2659003454812,38.4172409280951,43.76876,5.786098
1237656850502910317,343.892308285067,-0.957249079790394,7.35593,1.74725
1237656850502910323,343.893929686031,-1.03880413839223,7.35593,1.182375
1237666492704489662,328.091036640928,-0.885869322675787,5.233043,1.296139
1237666492704489663,328.089035742217,-0.888997428242605,6.501138,0.9514771
1237666492704489676,328.109340259856,-0.934800416949453,6.773035,1.254023
1237645876861469427,336.998291436316,-0.948603880455914,11.30268,2.330803
1237662695954710548,217.014706241474,31.788245340973,6.328661,-2.494499
1237662695954710549,217.016015336507,31.7878666349169,13.9436,11.22157
1237668330951016550,212.609653654018,14.641738615316,5.07743,1.003071
1237663228530000309,247.539351923108,75.7656661495228,5.421566,1.560865
1237654187634720986,173.805927200729,-1.10114936211138,18.01894,2.806664
1237654187634720990,173.812409615143,-0.973973797199252,7.35903,1.564705
1237654187634720994,173.814656106129,-0.984987168826419,11.30604,3.302349
1237658222745421066,83.0696581774756,0.783859513215145,106.7286,0.6328125
1237658222745421068,83.0739359396289,0.792506822866442,68.30684,1.192217
1237661957219025703,194.418590546661,50.9301457357833,7.36001,3.374321
1237661957219025724,194.470015550461,51.0196738118677,7.36001,1.467829
1237661957219025729,194.463002266415,50.9579359055816,7.36001,0.785717
1237661957219025735,194.450579512507,50.8756822251251,7.36001,1.142675
1237645876861535055,337.117777177965,-0.89656416528422,11.30054,1.675024
1237663889954374346,20.9353389901327,-1.25128496518493,7.357864,1.104673
1237663889954374355,20.9427429486485,-1.12134293782623,11.30425,1.300657
1237663889954374363,20.9460225721075,-1.10892359336296,7.357864,2.060266
1237658222745485565,83.2840918810808,0.690543074527062,11.30636,1.060322
1237661351628767589,165.743329958204,54.7210117104574,7.356921,0.4621906
1237668330951082057,212.75010396325,14.6115961386478,27.91675,0.9121857
1237660750333150625,66.2158781948127,23.1210068694657,7.358697,0.7742157
1237660750333150643,66.3392587391475,23.1271851393149,7.358697,1.028641
1237654187634852201,174.209044307878,-1.07623027775979,18.01962,4.848539
1237658222745485947,83.2566644055421,0.827601122616238,6.213675,0.648592
1237658222745485948,83.2545780219579,0.823568135024133,7.359241,2.703346
1237671066844659810,22.3440453123978,38.6488322095304,7.358047,1.318743
1237678845030367575,314.442049685801,5.26320293071239,17.05489,1.035328
1237666492704555903,328.239562428378,-0.925615022215375,7.358632,2.076149
1237665427552731298,194.457351889785,28.6242693810958,6.072585,0.3867493
1237671066844660019,22.3868237008447,38.7314733772466,5.276886,2.925772
1237655549129458542,239.03814177919,-1.10762666419974,18.01564,1.757383
1237661351628767978,165.802242885837,54.903865218654,7.356921,1.110529
1237661351628767979,165.818613216074,54.8766870845092,11.3028,1.111347
1237661351628767982,165.868039312264,54.7820664160627,7.356921,1.60026
1237665427552731693,194.369927428621,28.6343672035208,7.359364,0.7776566
1237665427552731700,194.37777132039,28.6778940643484,7.359364,1.191973
1237666209237172967,250.628562354311,28.5727478038626,7.360218,1.344812
1237662305648247990,202.174278951645,40.3940065896315,7.359369,-0.2329311
1237662305648248004,202.292157910083,40.4136184331877,11.30656,0.6346169
1237662695954841637,217.457073115288,31.7913184746153,11.03185,0.1410036
1237662695954841641,217.461204703223,31.7878335134723,23.76659,-0.134305
1237654187634983298,174.484219035419,-1.1018409038262,5.24823,-0.05517387
1237666492704621011,328.27872986811,-1.01196544830301,11.3078,0.7299271
1237666492704621021,328.285024773536,-1.02026207451838,7.360175,1.007151
1237680263996506587,351.322821218958,-6.91342066530726,11.30916,3.253525
1237680263996506598,351.324620619175,-7.05784931572062,5.905124,1.072681
1237661957219156554,194.935507694949,50.8161974005512,11.30824,0.2993088
1237659234211660915,254.276830642028,-1.14554161448443,11.30831,-0.1120052
1237668330951147707,212.9548394935,14.5915296845935,7.357271,2.436789
1237658222745486862,83.2495346659767,0.784465949917099,7.913799,0.7372341
1237658222745486868,83.2579002859023,0.794009612008072,7.359241,0.9544945
1237658222745486870,83.2602535072514,0.64646513388914,43.76997,3.899391
1237666492704621208,328.268822356413,-0.986940744633402,7.360175,1.756334
1237656850503106975,344.316407536124,-0.895118839316694,7.359607,0.6511803
1237668330951148034,212.923371829006,14.6639452299933,7.357271,1.268938
1237679433441345727,352.29041833215,-3.49815125143686,9.527103,0.851656
1237663228530196509,249.121940659825,76.0999950210203,6.460222,0.5976791
1237669516361532066,344.948156509099,5.87736258385352,5.393309,1.95669
1237657584942907950,23.4656570418643,-0.903397547471255,7.358491,1.227411
1237657584942907958,23.4773959849737,-0.939552434726642,7.358491,1.38903
1237657584942907959,23.4789802246129,-0.867092536790653,7.358491,4.19982
1237659234211661616,254.38623583229,-1.14024498261615,7.360509,1.872318
1237664972286394804,233.783177559294,23.650705713624,7.357547,1.521236
1237664972286394808,233.777952645997,23.6288931048717,7.357547,1.129492
1237664972286394810,233.825342546679,23.7170033518199,7.357547,1.071592
1237657584942972978,23.6072841239252,-0.999383992530106,6.738391,1.413454
1237679433440755983,350.896687370144,-3.51651934200029,6.816576,0.7716255
1237667205668864518,71.3861315685554,56.8356959185558,5.666584,0.3916512
1237650004324844255,326.067622390621,-1.11825875612723,7.686227,1.252689
1237661957218828864,193.766383140329,50.9142632332315,7.359121,1.227606
1237661957218828871,193.805885784056,51.0792242321628,7.359121,1.102999
1237669516361270079,344.372528043646,5.91427880137385,7.358296,0.6114445
1237661351628440249,164.55977843441,54.6396595244818,7.359102,0.9722004
1237666492704293611,327.537263413361,-0.97322207273611,7.358155,2.044556
1237656850502714031,343.414330499495,-0.88295714301444,7.358536,1.59388
1237656850502714033,343.417378449909,-0.981827644061644,7.358536,1.100292
1237656850502714042,343.422256558376,-0.887427520936904,18.01773,2.369724
1237656850502714049,343.430953016248,-1.00873461258767,7.358536,0.7506466
1237661351628440414,164.46441620347,54.6323231797049,18.01912,2.19232
1237662305648050994,201.714693164503,40.5281419626909,7.359277,0.2066383
1237668330950819848,212.075400894331,14.7428284005617,18.01817,1.077084
1237668330950819850,212.074401066571,14.745863178613,13.31744,0.7126427
1237680263996178737,350.4991117928,-7.04037953945487,7.358115,0.01483154
1237680263996178743,350.502279187095,-7.00631108961769,5.757782,1.725729
1237662695954579576,216.852346856963,31.9759851770139,18.01702,4.520233
1237673708786222507,121.183124153683,-9.26952062476964,5.588272,0.6965752
1237657584942579917,22.693202270167,-1.03948789503133,7.359328,0.5493984
1237657584942579919,22.6948743897319,-0.840276493825955,6.238494,0.6107101
1237669516361335203,344.411689914891,5.82051102140972,27.91953,1.192848
1237671930132955614,158.61218505013,7.95035864020868,7.35826,-0.02388382
1237666209236976194,250.071548912214,28.5730839175949,7.359282,0.5143642
1237666209236976212,250.094151321893,28.6191776815828,5.676238,1.108198
1237669516361335424,344.44751965224,5.80440378482891,7.358622,0.6691551
1237658222745354711,82.9335039905691,0.648419826951305,6.344717,0.9286194
1237671930132956009,158.541879074606,7.99109816346234,7.35826,0.8041325
1237668647170147003,176.643683423922,20.8362872936758,7.359541,0.5301285
1237668647170147005,176.651789583859,20.712522691771,7.359541,0.8005524
1237654187634458844,173.201167104185,-0.993595663787521,7.06601,1.357821
1237654187634458851,173.213028778957,-1.01951186319816,6.36405,0.9843845
1237654187634458856,173.227262463282,-0.996479524449417,5.600235,1.098072
1237664972286066920,233.071220043431,24.1398159644525,7.359069,0.4515762
1237657584942645496,22.8548381136925,-0.886129107490929,7.804463,0.6016827
1237654187634458872,173.244674044469,-0.995322425443709,11.26758,0.9304619
1237655549129327578,238.848576600589,-1.09245117762888,7.356497,1.679781
1237661351628571295,165.058909152719,54.644514803606,11.30324,1.565866
1237668647170212029,176.813452260169,20.7487904763617,6.722331,0.4045582
1237660750333084731,66.2850360888758,22.854119514185,7.357801,4.019508
1237666300525151049,340.731333470071,-0.179392806686679,7.357218,0.7508869
1237666300525151052,340.733649218428,-0.0541418370966539,7.357218,0.2570305
1237666300525151057,340.735445413694,-0.106002299638854,7.357218,1.905436
1237678578742330469,329.179408592409,19.6262975844329,7.358742,1.360352
1237664972286067288,233.013410517829,24.0197602825464,7.359069,3.170174
1237664972286067293,233.063087215727,24.1070376516253,11.3061,0.813591
1237664972286067298,233.075673622167,24.1157180383831,7.359069,3.888086
1237666209237041666,250.262646272601,28.5695338990566,6.143666,0.3637733
1237666492704424782,327.928708512492,-0.91184929903426,7.360176,1.020199
1237651494678562089,112.486003816761,34.1518873847069,11.30635,1.635202
1237663480321671190,308.460984151166,0.858975459416506,13.75453,10.49146
1237660750333085341,66.2285599581672,22.8602750496214,7.357801,1.375542
1237657584942711175,23.1149631314925,-0.871941604653326,7.35664,-0.3801823
1237671930133086404,158.91794257616,7.9918356881865,7.359358,1.725624
1237645876861469344,336.924741783833,-0.905074954120146,7.356841,1.110697
1237645876861469345,336.925077982347,-0.874501523637854,11.30268,1.217625
1237661351628637068,165.204386416639,54.729455130906,11.30645,-0.3767662
1237679433441083698,351.608734740735,-3.68522437743585,5.525753,0.958065
1237679433441083701,351.614190379411,-3.58249046508131,7.360084,0.7525272
1237679433441083706,351.609681228338,-3.67525805481753,106.7413,0.4798784
1237679433441083709,351.621363641197,-3.66911736781609,33.95476,0.6393547
1237679433441083710,351.620772228903,-3.67314651373647,7.560687,0.7240658
1237679433441083719,351.644197719932,-3.55413529705383,258.4184,0.7135525
1237662305648182228,202.0078172691,40.5547594021483,18.01939,1.09108
1237665427552600509,194.081160285825,28.7528056868957,5.180507,0.6804008
1237654187634720774,173.837732489209,-1.15178770003252,7.35903,1.406353
1237671930133086920,158.913580599555,8.04046560387378,7.359358,1.668524
1237650004325040732,326.567475021549,-1.1355452327491,5.519159,0.9271717
1237661351628702223,165.576524628263,54.8091981646581,7.357635,0.6658192
1237665427552600721,194.018966789949,28.7218703431496,7.35974,0.7697182
1237664972286198080,233.338591354636,23.9489266286602,7.357468,1.095016
1237664972286198086,233.322220436381,23.9017220101267,7.357468,1.650524
1237668330951016565,212.616896253686,14.6444913265114,6.585838,0.8930283
1237665427552600914,194.034193537001,28.8033650764287,11.30713,2.202272
1237665427552600915,194.030977675525,28.7496093980059,11.30713,2.119091
1237665427552600924,194.054720693546,28.8111093672468,7.35974,0.5168571
1237661351628702438,165.534603132723,54.7533387219016,7.357635,2.622271
1237654866228412592,118.743747172622,-2.01439329538205,27.92173,9.895779
1237680263996375483,351.04155426878,-7.04282354159663,11.30608,0.4779949
1237654187634786392,174.052618592854,-0.970648110574845,5.159512,0.5554523
1237645876861535132,337.171892233927,-0.959300606554181,11.30054,2.353354
1237664972286198525,233.33706647699,23.8443649271015,43.75943,0.9614201
1237664972286198530,233.385630703984,23.9163455231077,7.357468,1.008917
1237658222745421310,83.1509293479467,0.685259095294268,7.359212,1.198923
1237657584942711561,23.0877781891394,-0.88062414617085,7.35664,0.3499889
1237664972286198580,233.396028248423,23.821519298583,27.91516,0.9223881
1237671066844595457,22.3948506159491,38.4301623896118,7.357651,0.8279476
1237666209237107833,250.379144104991,28.6158577671761,258.455,2.17734
1237660750333150387,66.3998879984735,23.0186065178744,7.358697,3.507191
1237662305648247650,202.120991685345,40.3708699206615,7.359369,1.107861
1237662305648247652,202.15599633817,40.4977275982165,18.01978,1.970982
1237680263996440784,351.183769213702,-6.96675779960207,7.359618,0.6354713
1237680263996440787,351.189835616273,-6.89402414535396,6.973875,0.4900703
1237665427552666368,194.271408176632,28.8022446549023,11.30693,1.365952
1237665427552666377,194.27257891237,28.7677174071382,7.359612,1.834196
1237657584942777009,23.2652620062447,-0.845158560046787,7.35891,1.263361
1237668330951082206,212.75825009102,14.6066849592835,5.075047,0.953577
1237669516361466813,344.751670480308,5.90668815910893,7.358845,0.6507874
1237669516361466824,344.764061619411,5.78149418789596,7.358845,1.993362
1237661957219091510,194.55597826497,51.0023559674279,7.360302,-1.154774
1237680263996506152,351.272771433696,-7.00689679568152,7.361064,0.7095261
1237657584942842121,23.3118445899416,-0.913733891566864,7.358663,1.172691
1237668330951082653,212.774544547993,14.6685300115808,7.357886,1.586927
1237657584942842136,23.3293654181083,-0.884894057585489,5.600247,0.5305519
1237657584942842137,23.3291384273831,-0.868161108187248,7.358663,0.5872955
1237668330951082678,212.787621622961,14.5912871157848,7.357886,2.187887
1237661351628768105,165.923933627914,54.72269224023,27.91308,2.404835
1237661351628768107,165.926047627196,54.7444659313364,11.3028,1.211119
1237654187634983199,174.428904331547,-1.06451345463105,6.29863,1.703285
1237661351628768145,165.879194406249,54.7807261196848,27.91308,7.278992
1237661351628768147,165.885461370176,54.7965554282317,7.356921,0.6993465
1237661351628768152,165.782381341674,54.8689711752284,7.356921,1.345556
1237650004325171636,326.769106311122,-1.19230997170221,7.359006,0.4010658
1237654866228413040,118.846317908233,-2.0189749761706,7.3592,1.885239
1237657584942842552,23.3492751404813,-0.860428929159959,43.76653,2.478346
1237657584942842572,23.3786662937789,-0.906402900487504,11.30548,2.841778
1237668647170408939,177.235498862896,20.8117142374924,7.35965,0.7259941
1237668647170408949,177.23971320605,20.8151485771048,11.30699,0.002370834
1237668647170408950,177.243116584379,20.7537511683064,7.35965,0.8913326
1237654866228413210,118.74357334919,-1.88991846466579,6.626015,1.215624
1237678578742461575,329.559695100036,19.6301521531353,5.651733,1.639021
1237663228530131672,248.896649137937,75.9511823370109,7.361907,1.208199
1237661957219156842,194.926571037152,50.865672194649,7.360464,1.557249
1237661957219156846,194.924971695605,50.8478719353463,7.360464,1.972958
1237661957219156854,194.938943430868,50.8798680326356,7.360464,1.447515
1237680263996506971,351.316467411392,-6.98132171581382,11.30916,4.405777
1237680263996506973,351.319540134414,-7.02770105555852,7.361064,0.6217594
1237646798131824246,108.168213777218,0.946487741998997,7.357468,1.261633
1237662305648313245,202.514610391571,40.4283077566426,7.359571,-0.4129143
1237662695954907246,217.524797833575,31.6442142220558,6.486508,0.6339436
1237671066844661228,22.4443839110259,38.6617723034702,7.358047,1.074286
1237666300525412503,341.395803621507,-0.115460834867438,6.309487,1.244547
1237663228530197057,249.00931955678,76.0430383614975,7.359602,1.704485
1237665427552797066,194.49485756685,28.7638382417645,7.359413,0.5980625
1237655549129524054,239.312564505246,-1.01058111744442,7.359735,0.812067
1237645876861272071,336.439637350261,-0.837205493184716,17.07205,0.3164454
1237666209236910150,249.855545838964,28.6246741351838,5.780053,2.551178
1237660750333018413,66.4356703334343,22.8155344644889,5.824444,1.35183
1237660750333018418,66.4337410279642,22.8140477123198,7.359955,1.30678
1237660750333018421,66.420899666907,22.8146927221612,7.359955,2.012985
1237660750333018427,66.4149166697922,22.8110869179149,43.77422,-1.093393
1237669516361269511,344.325737955676,5.9690500015005,11.30491,2.255297
1237679433440755942,350.846959634949,-3.64173554051569,10.03031,0.5415382
1237679433440755962,350.87984758491,-3.65293064036583,9.161176,0.4446354
1237654187634196877,172.707833722271,-1.15113319889254,11.30586,-0.09989166
1237654187634196879,172.70657432412,-1.06236080301019,7.358911,1.777718
1237654187634196884,172.713187191949,-1.08713850782623,7.358911,0.6893597
1237654187634196885,172.71660408298,-1.07339754107882,7.246994,0.2274761
1237654187634196887,172.725948240713,-1.06757112450684,7.358911,0.6773815
1237656850502713590,343.500929047445,-0.87856553724017,6.929742,0.9273586
1237673708786221514,121.119148132802,-9.25071786116089,6.294947,0.9643364
1237663889954112224,20.3896296777741,-1.11557496912467,7.35916,1.325607
1237680263996113594,350.447038739673,-7.03777902762705,11.3041,1.278294
1237680263996113606,350.462931621176,-6.89147394416041,7.357767,1.234392
1237650004324844244,326.062657398844,-1.12384280707306,7.36112,1.378502
1237668647170080895,176.462622874299,20.6605822824841,6.034191,0.5528584
1237661351628440201,164.579479778222,54.4907573050717,7.359102,0.8418388
1237663228529803392,246.047686543444,75.7106915563481,7.358231,2.646992
1237666492704293801,327.636633095129,-0.841330882116725,7.358155,5.189655
1237656850502714210,343.408885941194,-0.919007375876316,7.358536,0.6883335
1237656850502714223,343.445737519037,-0.930843811137869,7.358536,2.815168
1237671930132890568,158.410616180272,7.99015833751647,7.357589,0.5191116
1237665427552404510,193.603343507704,28.6896633787565,11.30813,0.7236462
1237671930132890606,158.465126032861,8.06230920301379,7.357589,3.47102
1237669516361334795,344.390404779757,5.97242772249049,18.01794,1.784748
1237679433440821784,351.133261133328,-3.67726065178172,11.30833,0.5288448
1237656850502779166,343.684885631381,-0.949811396792157,27.91815,1.79775
1237680263996179045,350.629407830935,-6.8805376991746,11.30463,0.09857178
1237680263996179048,350.630235292626,-6.89631051440749,7.358115,1.003487
1237666300525085310,340.611724186146,-0.0316886378539801,43.76313,2.144159
1237663889954177646,20.4929120619466,-1.18966546615389,11.30611,1.051796
1237663889954177657,20.5024265481058,-1.14416871711754,7.359077,2.328402
1237654866228283142,118.465790499924,-1.88069399073371,7.359416,0.730278
1237662695954579969,216.759393741349,31.8585477922445,7.358246,1.446304
1237654187634393350,173.165343694365,-1.01189236990702,5.311497,0.6605015
1237654187634393353,173.171477847261,-0.991536708845566,5.942045,0.7307396
1237654187634393354,173.173106530869,-1.09750552118793,7.359867,1.295961
1237654187634393356,173.175321028242,-1.13898069942684,7.359867,-0.1707706
1237672131997599059,276.696369797308,13.8604445194701,12.43426,0.7591343
1237672131997599070,276.693539511992,13.8575537141476,18.20278,0.9573822
1237654187634393501,173.04585377042,-1.05670435667862,7.359867,4.184229
1237660191987599116,310.335208091139,-1.24621759693953,7.358652,1.230808
1237666492704359302,327.75305124924,-1.02665821409048,11.30326,1.149569
1237666492704359304,327.754256445572,-0.948236000944294,7.357218,3.121941
1237666492704359305,327.754979472509,-0.881048025419104,7.357218,1.794632
1237666492704359308,327.75692126767,-0.876067803405825,7.357218,1.166836
1237661351628571043,165.036035692224,54.6386238908542,11.30324,1.99819
1237680263996244327,350.66389594283,-6.93421723395656,7.360472,0.9278946
1237680263996244341,350.668315200181,-6.926963106672,6.018485,1.838327
1237680263996244343,350.666405635377,-7.005978130364,6.644796,0.4196949
1237680263996244359,350.675683611985,-7.01078322545566,11.30826,0.2615318
1237679433440952865,351.329432398354,-3.6260738787035,258.4189,0.1177273
1237679433440952883,351.374253548418,-3.50035158646586,258.4189,1.204206
1237666300525150757,340.700392866982,-0.0730156027043867,7.357218,1.510199
1237668647170211975,176.676516052594,20.6486796118889,6.979528,0.515667
1237668647170211987,176.687720254754,20.7571770775158,6.170126,0.3711891
1237666300525151028,340.69966002935,-0.152167238690722,7.357218,1.236111
1237660750333084915,66.3750355605354,22.9702684431862,7.357801,1.638969
1237679433441018283,351.503018327979,-3.68581901855864,7.359715,2.484268
1237679433441018292,351.512763216786,-3.50654048621745,18.02062,1.160276
1237679433441018294,351.51284184785,-3.62231980103504,27.92368,1.257444
1237678578742330651,329.15305325966,19.424011945124,7.358742,1.07712
1237645876861468745,337.016821139642,-0.904221829508812,7.356841,3.126904
1237661351628636578,165.233377791422,54.7537148964743,11.30645,2.872044
1237661351628636580,165.292681186848,54.6342519886481,7.359295,0.100853
1237668647170212361,176.746955164651,20.8129464836553,11.30579,0.5006237
1237661957218960124,194.068973193968,50.9351128284058,18.021,2.564884
1237661957218960125,194.078377157186,50.9788245647718,7.359869,1.078636
1237666300525215927,340.969989346353,-0.123452383582512,5.600316,1.445999
1237665427552535602,193.819577283817,28.816398801542,7.360062,0.7859116
1237660750333085252,66.3684133774275,22.9696052639662,7.357801,1.902508
1237661957218960447,194.221765823391,51.0714133378879,7.359869,1.103876
1237668647170212719,176.726668685276,20.8061028225973,7.35887,0.9044991
1237667725360365572,82.86754416548,8.53126278297741,258.3509,1.719697
1237654866228348446,118.660123493343,-2.0299464181336,7.358804,0.4512901
1237666492704489989,327.989389066426,-0.866787014104286,7.357579,0.7868881
1237669516361401253,344.549996580018,5.92872084349438,7.358909,1.169064
1237671066844594558,22.3731252105567,38.4835548087081,8.956952,0.791935
1237669516361401258,344.551242596043,5.93933040613783,7.358909,0.8826427
1237668330950951665,212.463382737595,14.6929162775595,11.30769,-0.1967449
1237668330950951671,212.476189179951,14.7128386071954,18.02157,2.172779
1237661351628702166,165.525658041511,54.8394145183016,11.30389,1.806915
1237658222745421050,83.0611040494639,0.818067866608966,7.359212,1.916136
1237658222745421051,83.0617903373559,0.734175777231553,7.359212,1.164993
1237664972286198293,233.303191717423,23.8240526032486,11.30364,0.465313
1237668647170278171,176.843163284029,20.82877620962,7.358729,1.636921
1237668647170278175,176.857020957856,20.6881688016463,7.358729,1.021112
1237679433441149586,351.890649677686,-3.50569768010411,7.360061,2.4583
1237660191987664928,310.625299713943,-1.08556543785426,11.30685,1.149948
1237660191987664930,310.626166838586,-1.07036491244374,7.359559,2.463438
1237645876861535258,337.153288381733,-1.03116197462524,7.355452,1.075039
1237662695954711638,217.107446785407,31.7119626769647,11.30454,0.4214649
1237678845030303830,314.29115704291,5.31110288628048,7.357644,1.318521
1237657584942776584,23.1545065708322,-0.945156998197541,11.30585,0.3435459
1237657584942776601,23.1671144524172,-1.03637796892932,7.35891,1.404018
1237662305648247556,202.312337273298,40.4664912574537,7.359369,-0.5915623
1237657584942776657,23.2036935709986,-1.00387675294284,7.35891,1.201559
1237657584942776659,23.2040993669378,-0.975119200974201,7.35891,0.5770473
1237664972286263684,233.545812996591,23.7279880135902,6.998694,0.7909603
1237671066844595770,22.3969220783584,38.5555782348792,7.357651,0.8796787
1237671066844595779,22.3878966732722,38.5669021543997,7.357651,1.726824
1237661957219090993,194.702735984763,50.8634419686252,11.30799,0.8924465
1237661957219090997,194.735566308411,50.9984400164457,27.92591,0.6438885
1237650004325106302,326.734239232923,-1.20048204304814,5.077745,1.158871
1237655549129458581,239.0623884763,-1.12699792880269,7.357682,2.486763
1237658222745486475,83.2479285675075,0.704489660919947,5.571542,1.130697
1237654187634983117,174.394220272911,-1.09712142367768,18.01979,0.4853592
1237654187634983129,174.419534558377,-1.08167661550314,5.213546,1.044819
1237654187634983130,174.422346070866,-1.08093741943015,5.943042,1.236597
1237654187634983134,174.420331682064,-0.996129741364768,6.139517,0.7689037
1237664972286329127,233.63233088381,23.7924608587841,7.360165,0.2425537
1237655549129458840,239.190808678301,-0.967174299768985,7.357682,2.453859
1237645876861665729,337.426254432487,-0.969979876470867,11.30265,0.9879494
1237645876861665735,337.429481382952,-0.829710885722433,7.356823,0.6132259
1237679433441280618,352.166648470074,-3.68231626685772,27.92389,0.8649464
1237679433441280620,352.168987519341,-3.60960444978895,7.35977,1.539766
1237673708786352398,121.33823762579,-9.1321934768146,7.360612,3.471912
1237666209237173202,250.605491712344,28.5276106555339,7.360218,1.43051
1237666209237173207,250.603770910567,28.5094361820928,7.360218,1.629562
1237678578742461300,329.475471567685,19.4836005304133,5.217159,0.9350834
1237678578742461302,329.425727855185,19.6718151557123,5.268718,0.8456917
1237666209237173224,250.613512047323,28.5034050111415,11.30786,0.9003372
1237666209237173226,250.634834636867,28.5855272661126,7.360218,0.6819992
1237668647170409146,177.222095194037,20.6797455707718,7.35965,2.100851
1237668647170409152,177.22329845598,20.8357506209528,7.35965,0.7354298
1237654187635048642,174.553262603139,-0.99260869845386,11.30635,1.528437
1237654187635048647,174.562746062834,-0.968349128780621,7.359233,0.6880665
1237660750333215725,66.2803137389723,23.2003267405538,18.02122,1.205683
1237660750333215734,66.2258780126016,23.203853470672,7.359959,0.8394718
1237663228530131799,248.988594131251,75.8800530502784,7.361907,2.835407
1237656850503172462,344.462426104384,-0.933348846593819,6.223742,1.059261
1237666209236910295,249.901801844583,28.6162632964767,11.30568,1.071424
1237663480321605760,308.342120176995,1.00002086600212,27.92002,0.9335346
1237663480321605761,308.33600790114,1.00344501916911,15.27419,1.225574
1237667725359907050,82.7703827277847,9.51022972687815,7.358219,0.668026
1237657584942448974,22.4564350937231,-0.903589526830137,7.359112,0.3182793
1237657584942448981,22.4657631993784,-0.918021675066899,11.30616,0.4161263
1237667725359907234,82.9536816677253,9.54451209669905,43.76389,2.355486
1237664972285870497,232.626467559977,24.2697266320391,11.30682,1.605133
1237663228529738156,245.461387042834,75.4981244956745,7.358841,1.112719
1237668330950754611,211.975308387043,14.8243988748257,11.30508,-0.9042034
1237679433440756245,350.988054779981,-3.60687389896301,11.30749,0.7825756
1237679433440756250,350.994938522648,-3.63028685058331,166.5379,2.676826
1237661957218828761,193.700914719257,51.0767341471367,7.359121,2.37134
1237678578742264433,329.078613264117,19.4988429718687,18.0183,3.197781
1237663480321606446,308.323282854759,0.855980259690558,6.166576,1.595394
1237667205668864779,71.4540203677517,56.8468263478999,27.92035,10.01911
1237666209236910850,249.859142447329,28.5423385435484,7.358793,0.9797535
1237666209236910853,249.886715044999,28.6337326545634,43.76731,0.9779873
1237666209236910857,249.911446694464,28.7275859213248,43.76731,2.222427
1237669516361270225,344.275990529635,5.90350885599971,7.358296,2.125959
1237662695954514531,216.502165781621,31.9342660714016,7.358984,1.420944
1237662695954514537,216.504373227697,31.9240344480694,7.358984,0.5389805
1237645876861272847,336.524968850038,-0.997200920477981,27.91285,5.011749
1237645876861272854,336.539099131405,-0.951419992775811,7.35686,0.994503
1237645876861272857,336.549176016879,-0.954794326030795,11.3027,0.8626328
1237680263996113808,350.478458150127,-7.03523508580861,18.01585,0.3755474
1237669516361270467,344.283666454487,5.87798563969421,7.358296,0.3961143
1237669516361270477,344.291365816881,5.90495807253881,7.358296,0.4334373
1237656850502714306,343.458552824648,-0.924608563590755,18.01773,2.6931
1237668330950755424,212.025036839523,14.7220191156468,43.765,1.394957
1237654187634327734,172.892335155006,-1.07286219116546,6.635622,0.5179329
1237654187634327744,172.903256318655,-1.12251859027036,6.692585,1.221052
1237668647170081423,176.364061066779,20.6418598942573,11.30754,0.9259396
1237668647170081425,176.36463237857,20.6561995660579,7.360004,2.3241
1237668647170081433,176.367771064371,20.8398515127749,7.360004,0.9851322
1237664972285936089,232.832015360647,24.2441696946143,7.359971,1.475817
1237664972285936104,232.830464246623,24.2232269921249,18.02125,1.150087
1237664972285936107,232.800857067806,24.1610920391819,7.359971,1.807188
1237663228529803828,245.701025458682,75.6638007305706,7.358231,1.060543
1237663228529803831,245.940590832443,75.5726961738819,11.30481,0.9205303
1237671930132955419,158.609177494832,7.98271888547675,6.811349,0.8533821
1237671930132955425,158.62416054293,8.05499928407861,7.35826,3.93881
1237671930132955430,158.626845567422,8.10921042456428,11.30486,0.5101566
1237671930132955431,158.629688205002,8.11392634797408,5.693721,0.6029129
1237671930132955434,158.641510839619,8.12378531927474,7.35826,0.81073
1237667725360038445,82.8723028862252,9.26660520975006,106.7273,0.8045864
1237667725360038452,82.9480511582881,9.26158683745125,11.30618,1.396141
1237678578742265292,329.051316134296,19.5546942126471,7.358767,1.091328
1237668330950820723,212.068941049044,14.7240665399796,68.30222,13.68966
1237671066844529103,22.3915040728325,38.2871113215946,6.429803,0.9201832
1237661957218959541,194.182921765501,50.9279097982227,9.780409,0.4951954
1237661957218959549,194.196952824789,50.9781619720018,5.050653,0.8114491
1237651494678561578,112.57504820136,34.0599900086446,7.359231,0.106245
1237645876861403743,336.866026565005,-0.829775306835271,7.357275,1.34968
1237645876861403746,336.869154460166,-0.853917427653426,7.357275,0.8389664
1237645876861403752,336.871745591414,-0.874006273059926,18.01465,1.032412
1237659234211594448,254.217673448497,-0.960059986894963,6.677209,1.141699
1237678845030301905,314.212530338495,5.22505854563812,9.15858,1.955896
1237666209237041455,250.248188225523,28.5492625368111,15.52615,0.5611343
1237668330950885970,212.36843043836,14.7650636576154,7.359778,1.66836
1237668330950885977,212.364833783299,14.7180212488688,7.359778,0.8428593
1237654187634524341,173.357483586185,-1.11977833705264,7.361533,0.371048
1237654187634524351,173.382312942539,-1.01006069277694,7.361533,0.8576946
1237671930133021286,158.707586233112,7.95327897984,7.359257,1.319006
1237671930133021298,158.7147640673,7.96808980499391,7.359257,0.8555489
1237654187634524371,173.416107342233,-1.06402656598765,7.361533,-0.3677597
1237680263996309620,350.85088881788,-7.00275362214372,5.756539,1.37005
1237680263996309621,350.847537907363,-7.00633915044526,7.79051,1.258562
1237651494678562036,112.536943988752,34.1054775402615,7.359231,1.838394
1237658222745419807,83.0433577203017,0.813429933504254,11.03692,0.7902737
1237658222745419809,83.0528128004178,0.798411183754746,15.83455,9.087873
1237668647170212376,176.749236903739,20.8572603055759,7.35887,0.8556213
1237656850502910286,343.873112224195,-0.930739742920155,7.35593,0.8189964
1237656850502910287,343.873659577781,-0.913238447786379,27.90932,0.1230946
1237654187634589877,173.61540961783,-0.996590560908209,8.732937,0.6496429
1237654187634589891,173.63725098142,-1.08903928502441,7.360467,0.4900055
1237680263996310095,350.91708558959,-6.96847956178905,7.360272,-1.221794
1237680263996310103,350.9158699605,-7.06742734130588,11.30795,0.9487133
1237680263996310107,350.922335105638,-7.00834334238321,6.819848,1.93379
1237663889954308848,20.7406836466274,-1.18254859654654,27.91724,0.2485657
1237680263996310466,350.933496540735,-7.01573930411906,7.360272,3.02375
1237661957219025429,194.453457144689,51.0447137481613,7.36001,0.3596764
1237668647170278117,176.97474082015,20.7354459777869,11.30558,0.3974648
1237668647170278121,176.972258486114,20.847053630124,7.358729,0.8932934
1237656850502976168,344.136530161812,-0.888979337360576,7.357592,1.539082
1237655549129393360,238.975089268785,-1.11866800257773,11.30508,1.869663
1237662305648247422,202.260232915708,40.4786812927501,27.92237,-0.3062916
1237662305648247424,202.256692847255,40.4584369954996,7.359369,0.37117
1237645876861599951,337.287631754594,-0.962437671721468,9.124554,0.6135883
1237645876861599960,337.287872702159,-0.909873281975596,6.534714,0.4194908
1237660750333150506,66.4369348840414,23.0662829782524,11.30553,1.868494
1237660750333150518,66.3150345990291,23.0737857446433,7.358697,1.910975
1237660750333150520,66.2871365510488,23.0748161884056,7.358697,1.598776
1237661957219091085,194.553743200379,51.0142348091832,7.360302,1.130283
1237661957219091087,194.543058543591,50.9510053578164,7.360302,1.900486
1237661957219091097,194.550732856054,50.9561596100071,11.30799,1.544495
1237664972286263931,233.545180648596,23.7082845210095,11.3072,1.598606
1237667725360562242,82.9657310608461,8.04845313067521,18.01538,0.4717884
1237661957219091409,194.597655064115,51.0326641175409,18.02206,2.734848
1237661957219091420,194.620418525159,50.9772680946004,7.360302,1.168989
1237645876861600621,337.200369574228,-0.942625789329526,7.358075,0.672163
1237668647170343782,177.022591293553,20.739601731202,7.359027,-0.1408958
1237668647170343791,177.010166937066,20.8288053358629,7.359027,0.9893799
1237668647170343793,177.082571840123,20.7832387021093,7.359027,1.556772
1237652929198622861,309.130622364117,-6.78669228313922,7.358649,1.714537
1237663228530130985,248.551836880048,75.9820166083787,7.419907,9.906698
1237663228530130993,248.56260691279,75.9832697850889,15.97371,9.862836
1237660750333214929,66.4041004102965,23.1993496510693,7.838819,1.4669
1237667725360562537,82.9504346631876,8.01628052913518,6.574086,1.022764
1237667725360562550,82.8923782900727,8.01418112145574,11.3038,1.202627
1237663889954439720,21.1020507194287,-1.22563055158991,18.017,1.211718
1237663889954439732,21.1096968772278,-1.17498123789213,7.358235,0.6707554
1237658222745486390,83.204970803104,0.633966129741141,7.359241,0.9450912
1237679433441280511,352.057722179874,-3.65576363560149,258.4073,1.638004
1237679433441280512,352.06027473471,-3.63712685178486,258.4073,1.713951
1237679433441280515,352.063549962098,-3.6121957217364,258.4073,1.607828
1237679433441280518,352.068694546496,-3.61383937048919,258.4073,1.16679
1237679433441280522,352.081315694169,-3.50778806313715,11.30718,1.560484
1237679433441280525,352.081648726189,-3.56682693593165,106.7367,0.2996368
1237679433441280531,352.087825896194,-3.67368039956448,258.4073,2.413692
1237662305648312453,202.466414110243,40.466215574114,6.865774,0.9329691
1237646798131823823,108.140313638088,0.8822448340238,5.430919,0.6091566
1237668330951147953,212.889312222166,14.7168616691885,11.30334,0.5784378
1237680263996506922,351.267137111131,-7.02017010461736,18.02392,1.028749
1237663480321736851,308.641184322605,0.87044299826897,6.13381,1.572401
1237661351628833524,166.16694908238,54.7986426838273,7.359041,1.319691
1237660191987730140,310.73601360042,-1.12660634667861,7.358744,1.616278
1237662305648377901,202.665028043032,40.4702003819203,7.35908,0.4747906
1237679433441346316,352.32389534618,-3.67149036504079,7.360183,0.2907715
1237679433441346324,352.3392689767,-3.64905751613434,68.31585,2.408575
1237666300525412643,341.294306765355,-0.110855013922755,7.357819,3.124813
1237668330951213142,213.061031775077,14.5880839229661,6.074975,0.7086678
1237668330951213143,213.056065319868,14.5321984334364,5.965194,0.5628376
1237672131997664441,276.77690263909,13.926121355395,6.382614,1.248646
1237645876861730933,337.628439049811,-1.02455687181001,68.28767,0.3708134
1237645876861730937,337.627009034262,-1.03494641828189,24.80107,1.264602
1237659234211528752,253.972523500274,-1.15251151979583,6.4528,1.162572
1237667725359907014,82.8728748396977,9.51186619921591,68.29762,0.2393684
1237657584942448839,22.4440177939454,-1.00623662772539,11.30616,0.4173203
1237657584942448858,22.4999463079748,-0.994450445202023,7.359112,3.926733
1237671930132889756,158.448938336954,8.09488077807604,6.726618,0.7784538
1237654866228281716,118.49175458965,-1.84942187545627,5.867004,0.9868698
1237671930132889779,158.511073990882,7.93085802262518,6.035777,0.5816936
1237668330950754705,211.924596859376,14.7952588204193,7.358405,1.594862
1237667725359972553,82.8178145524235,9.43087971879305,19.07171,0.5621471
1237666209236910832,249.840133704039,28.6084479191657,18.01836,0.8995228
1237666209236910835,249.860524329129,28.6772933097905,258.373,1.710751
1237654187634262242,172.763930864677,-1.01401315458737,5.242392,0.9076595
1237668647170081014,176.343867723066,20.7364196794566,68.31419,0.7133389
1237668647170081015,176.345192885945,20.7193512998398,7.360004,1.033134
1237668647170081016,176.343361133369,20.7491385607851,7.360004,0.8803482
1237678578742264592,328.948570191789,19.5559699991665,7.358767,1.804935
1237661351628505119,164.687733611817,54.6431584617773,27.92222,0.5967484
1237661351628505121,164.697406375933,54.6436089657974,27.92222,0.8800259
1237650004324844502,326.082391228447,-1.17675809769975,43.78115,1.745243
1237650004324844505,326.083775437265,-1.17968396841052,27.92901,2.149393
1237662305648051250,201.667467395729,40.5881424460575,7.359277,1.030056
1237656850502778896,343.555521740016,-0.919513474955561,5.507909,0.7915592
1237656850502778903,343.575399640716,-1.04922541496813,7.965908,1.224409
1237671066844464284,22.2975653649156,38.1432218693482,18.0195,1.863132
1237671066844464288,22.2551425510619,38.1496902838499,7.359258,0.5936031
1237658222745289996,82.7247542667492,0.788675741615567,7.360177,1.948843
1237668647170081409,176.34720445736,20.6458503291729,18.02133,1.24213
1237664972285936043,232.763422155815,24.2084903369706,27.92466,1.080235
1237652929198555957,308.99404708252,-6.88737456493819,9.589752,0.3947124
1237671930132955319,158.539512077475,8.09341351946983,7.35826,1.461538
1237671930132955332,158.593694199097,7.9705532226377,6.886914,0.8987007
1237668647170146353,176.644976215527,20.7444631634347,5.741744,0.4000683
1237680263996179074,350.486483180946,-6.91802367269045,18.0167,1.919195
1237680263996179346,350.587622238924,-6.88400790518863,7.358115,0.6286583
1237680263996179353,350.593556937718,-6.8979086082721,11.30463,2.824921
1237651494678560847,112.656870838092,34.0291441938355,20.02298,12.55045
1237678578742329706,329.141125727431,19.4879169889248,5.397268,0.643322
1237666209236976553,250.176092281615,28.603218006477,7.359282,1.039713
1237656850502779728,343.692340137098,-0.929735182983666,7.358258,2.305052
1237661351628571126,165.073496334045,54.7471417141344,7.357207,0.8991508
1237661351628571131,165.091267663368,54.7448092699303,7.357207,0.6258202
1237666300525150674,340.804582975959,-0.100671802946361,7.357218,1.038845
1237668647170211849,176.696538350931,20.6754293161399,52.1031,0.887908
1237668647170211852,176.685364430272,20.6708431596199,68.30366,0.240097
1237668647170211870,176.693504971512,20.6615612177032,68.30366,0.8433571
1237662305648116822,201.94012240794,40.5063724508123,7.359334,1.198324
1237661957218959583,194.23064465269,50.9224368157427,7.359869,1.56303
1237663889954243263,20.6479211579473,-1.07293917771959,7.358817,1.627132
1237663889954243265,20.6508585573495,-1.08270005974404,7.358817,0.5167484
1237667725360169552,82.8767815684371,8.91686497817603,106.7396,0.3344421
1237663889954243296,20.6809758006928,-1.09423780097598,11.30571,1.084209
1237666492704424578,327.923534376159,-1.02516421109353,7.360176,1.174641
1237654187634524554,173.346792283793,-1.12032487315272,7.361533,1.444935
1237654187634524572,173.398555705297,-1.01290032208153,11.30989,0.7795696
1237645876861469148,336.959384814623,-0.954152316075591,7.356841,1.121428
1237645876861469167,336.979179903335,-0.998496074529168,6.357945,1.564165
1237662695954645888,216.934639063937,31.8055867386182,7.357577,1.468653
1237666300525216154,340.887302524434,-0.0378263459944645,5.617941,0.4656048
1237663889954308601,20.8362979844966,-1.21389471364177,7.358018,0.7494049
1237680263996309873,350.809271470224,-7.02306205509229,11.30795,1.005817
1237657584942711118,23.0611018247852,-0.897930217821817,11.30237,0.6859169
1237657584942711122,23.0661639705388,-0.936939643060709,11.30237,-0.1553612
1237671066844530411,22.2773321126675,38.3831491535172,18.01896,-0.1044769
1237671066844530413,22.2007869904049,38.3420346478797,7.359038,0.8356915
1237660750333085464,66.3063552500064,22.9589038237793,11.30415,1.421421
1237666492704489633,328.078475016767,-1.02384912532849,43.76009,0.7344055
1237663889954308912,20.8077492983102,-1.15072789840418,7.358018,1.411314
1237663889954308919,20.8161850320893,-1.20168482641758,18.01647,0.6569328
1237663889954308920,20.8202762249164,-1.19759267712608,27.91724,0.9879017
1237657584942711466,23.0337647426054,-0.952410042387169,7.35664,3.226627
1237657584942711471,23.0411649095271,-0.982173085684398,7.35664,0.601141
1237657584942711475,23.0467265384987,-0.930303208005401,11.30237,0.5958405
1237657584942711476,23.0490523628157,-0.933261066890435,7.35664,0.5660286
1237663480321671725,308.575882223673,0.868984691944589,5.716456,1.169706
1237664972286197859,233.330870168007,23.8046745102366,11.23835,0.9149637
1237664972286197860,233.336679522207,23.8005383309714,7.357468,4.428701
1237661351628702050,165.467168081535,54.7828631143166,7.357635,3.05624
1237662695954711298,216.99507361121,31.7742778446821,43.76291,3.100571
1237662695954711300,217.013137467064,31.8151874102729,68.29609,1.672745
1237662695954711305,217.001796097512,31.7549272223123,106.7118,3.925097
1237662695954711311,217.009545843093,31.7510746906358,7.358054,3.443361
1237661351628702510,165.562645403013,54.8434082183552,7.357635,2.802305
1237661351628702515,165.6189915274,54.7458088891069,7.357635,1.71608
1237668330951016823,212.571289665719,14.6625051979641,7.35941,0.8278503
1237655549129393223,239.00557007407,-0.956613620533926,7.358404,1.61673
1237671066844595075,22.4543305653305,38.4366804724936,7.357651,0.3824329
1237671066844595077,22.2613780679198,38.4602171697602,7.357651,0.7814388
1237651494678627186,112.726149263157,34.2068679734972,5.122992,1.467775
1237671066844595203,22.3898805876774,38.4918083296015,7.357651,0.6729717
1237674893660327946,304.313123757551,29.6825073268995,7.358724,3.716455
1237678578742395982,329.434515218347,19.5248047998947,7.358953,0.7841721
1237666300525216813,340.899132270533,-0.111582492300726,7.354585,-0.009914398
1237680263996375682,351.02454139967,-6.91829169060718,11.30608,1.050579
1237680263996375690,351.024888123614,-7.06692269804861,11.30608,0.8690319
1237680263996375692,351.030644293892,-6.92948885404085,7.359055,2.18681
1237680263996375697,351.032748785988,-7.00907096000998,7.359055,0.8132305
1237668647170343012,177.055215502024,20.7287348478201,5.608196,0.6639252
1237645876861600047,337.244451519478,-1.00347270944433,9.792212,0.4613018
1237668330951082194,212.690671258149,14.5858989838736,5.686943,0.8120327
1237663228530065971,248.235568865793,76.0050878512042,7.358832,0.8244572
1237679433441215059,352.011272219573,-3.48667748854849,7.359899,1.73715
1237679433441215072,352.019131632452,-3.58943349985206,7.359899,0.8039799
1237663889954439661,21.0762214954156,-1.16140381928976,5.139917,1.604485
1237663889954439673,21.0797263539615,-1.20288401861934,6.445256,0.604269
1237657584942777141,23.2851448761664,-0.918332844989324,11.30585,0.4748917
1237661957219091303,194.734308269303,51.0084533675461,43.77628,4.930153
1237669516361466967,344.823037193288,5.89641932529322,7.358845,1.277885
1237665427552731463,194.443290933276,28.7961523444108,7.359364,1.440151
1237667725360562448,82.7859174812687,8.01464871500771,7.551525,0.9899998
1237663889954439814,21.0137858044038,-1.24730681741499,27.91807,1.143511
1237663889954439818,21.0181966175446,-1.13392150480156,7.358235,1.030565
1237663889954439822,21.0202261944833,-1.17482126280036,18.017,1.101629
1237679433441280388,352.110369995468,-3.52560522163298,106.7367,0.5264091
1237679433441280396,352.113949997651,-3.59713764873189,5.85422,0.4478798
1237679433441280399,352.115700050485,-3.6269854499285,27.92389,1.417105
1237661351628768096,165.871028714024,54.7428256872788,18.01378,1.070307
1237668330951147739,212.878471142518,14.6953392109092,6.329154,1.52866
1237663889954440129,21.065657532783,-1.13411263832259,18.017,1.318117
1237656850503106832,344.439079829699,-0.907091847650734,7.757031,0.417635
1237661351628833024,166.098499905493,54.8981183242923,7.359041,1.256102
1237663480321674128,308.581623791058,0.896859073988097,7.358078,1.595425
1237663228530131570,248.698841614591,75.8647130670706,7.361907,1.104031
1237664972286329484,233.698820102212,23.7312544770725,18.02172,0.6681881
1237664972286329485,233.730193323213,23.7853223020172,18.02172,2.747402
1237664972286329497,233.767624079445,23.8304043422053,43.77546,0.3927345
1237663228530131590,248.421762335157,76.0227996196426,11.31046,3.798594
1237680263996507048,351.26545085597,-6.97580877790263,27.9288,4.37846
1237680263996507064,351.341978459396,-6.91923199353451,6.587133,0.5617962
1237668330951148109,212.942904241463,14.5403021007737,11.30334,0.5892258
1237661351628833601,166.018980751478,54.8542228989229,11.30606,2.404991
1237668330951148417,212.89077776205,14.6198687140164,7.357271,0.7566643
1237671930133217525,159.275549716392,8.08550254406433,7.358529,0.7819347
1237668330951213183,213.121600337965,14.6509387973279,6.090318,1.053169
1237666209237238503,250.767690619127,28.516863642462,68.30158,2.651516
1237663889954570378,21.3123014265564,-1.12414747856827,5.729471,0.7148952
1237663889954570379,21.3145907904888,-1.12416600333868,18.01766,0.5549183
1237666492704292940,327.623951181973,-1.0382626943149,14.25416,6.799377
1237673708786221541,121.152146135639,-9.29415214228016,11.30761,3.262268
1237661957218828660,193.610450621954,50.930699467016,7.359121,-0.09083557
1237667725359972690,82.7650460191238,9.36432147073276,7.84741,1.381311
1237667725359972692,82.8088266115106,9.36354637499096,166.5301,-2.59338
1237656850502713970,343.52990892371,-0.905707704606318,7.358536,0.5025425
1237668647170081030,176.351727693494,20.6448607264705,7.360004,0.5943737
1237667725359972818,82.9509791217499,9.44957060501826,11.30695,1.540663
1237667725359972827,82.9524201050074,9.42373326063429,68.31068,1.755962
1237671930132890343,158.413447647186,8.08976455214441,11.30383,1.029764
1237666300525084785,340.572379836885,-0.0865944778036565,7.358091,3.503883
1237666300525084792,340.614449148375,-0.0751792389848825,11.3046,0.9860229
1237668647170081263,176.444784720621,20.7103539142993,7.360004,0.9112301
1237665427552404473,193.546079973483,28.8322453898124,7.360389,0.7811947
1237679433440821638,351.011822945149,-3.60715016248948,5.070622,1.245207
1237650004324844663,326.014402986167,-1.19430793371223,11.30925,1.818159
1237668647170081479,176.43891177112,20.7580620526446,27.92478,2.728369
1237666300525085022,340.59268123757,-0.192445114272929,5.217337,0.6692505
1237678578742265103,329.055143401895,19.5910926174439,7.358767,1.41201
1237671930132955409,158.58340606171,8.0535965670975,11.30486,0.1012859
1237678845030237693,314.028700286584,5.11927305971413,7.357713,1.193968
1237662305648115924,201.725839798594,40.4312836444475,7.359334,0.3988075
1237646798131758656,108.00509871654,0.986299402584999,18.01545,0.781538
1237661351628505860,164.760207307284,54.515580203113,18.01968,0.4211617
1237680263996179205,350.59543231368,-6.91110284295071,7.358115,1.386415
1237665427552469956,193.678773697639,28.8490561469093,7.360333,1.679707
1237666209236976687,250.166110707388,28.6007318444553,7.359282,0.9519463
1237666300525150475,340.764925080242,-0.150436334762122,5.792051,0.3342094
1237654187634458641,173.202166362767,-0.944904102195716,43.77732,15.32312
1237656850502844606,343.839447510508,-0.947778698409084,10.20143,1.098749
1237656850502844616,343.732974451847,-1.04189585585707,8.066301,1.468485
1237657584942645416,22.9026598849391,-0.966495361449508,11.30625,0.3069153
1237680263996244557,350.749099474706,-7.04985314838889,7.360472,-3.816893
1237668330950885758,212.241754099805,14.8105239293737,7.359778,-0.0499897
1237668330950885765,212.231030892837,14.6860795442559,7.359778,0.5084991
1237668330950885771,212.230247604221,14.6658955179698,7.359778,-0.1308823
1237671930133020912,158.714688043961,8.08770344859718,7.091058,1.560314
1237652929198557367,308.964083901016,-6.89959496365225,43.7691,10.53804
1237652929198557378,308.971044671435,-6.88958838165428,27.92133,1.874611
1237665427552535236,193.919856934044,28.6760958448929,11.30762,1.741978
1237665427552535252,193.939400245616,28.7123654000709,7.360062,1.276991
1237663480321608602,308.317943067808,1.02183354016394,18.01826,1.09091
1237662305648181453,202.097105952229,40.4269015336087,5.41564,0.5773144
1237671930133021365,158.764895195796,8.1080944562188,7.359257,1.235474
1237654187634524441,173.350908790369,-1.10223489273939,6.047225,1.424664
1237663228529934857,246.995312911321,75.6322593754222,7.360594,0.7427025
1237667725360234931,82.9670295849123,8.77487476894788,11.30541,1.785555
1237662695954645740,216.879715395632,31.9034040024483,11.30381,0.9739799
1237662695954645753,216.837355202004,31.7723459341911,7.357577,0.5935936
1237671930133086362,158.894910485368,8.03484430111805,8.136085,0.8209724
1237661351628701741,165.536781382138,54.8600572850222,7.357635,2.473734
1237679433441083751,351.681416090742,-3.64816403735132,18.02152,0.9810486
1237679433441083769,351.713434422995,-3.58000948620936,7.360084,0.994112
1237679433441083788,351.733531954592,-3.51629561071074,5.682999,0.6608067
1237665427552600354,193.966679381543,28.7227736574349,7.35974,1.174803
1237665427552600356,193.962066348652,28.6717489572435,7.35974,0.6484146
1237665427552600357,193.970064405234,28.7466998876062,7.35974,0.6148777
1237665427552600372,193.971676150031,28.6613491020644,11.30713,1.282106
1237654187634655439,173.701382370411,-0.987855853036821,5.193009,1.782112
1237654187634655450,173.735623922355,-0.995862243465005,7.360081,1.156357
1237654187634655453,173.738166792514,-1.00227115240111,7.360081,1.38434
1237668647170277610,176.96845384961,20.8296541705398,6.327735,0.9454918
1237668330950951694,212.387078488508,14.715473023101,7.360104,3.221388
1237665427552600594,194.115811148531,28.6714147140883,11.30713,0.7167377
1237662695954710918,217.189267477199,31.8815191896227,7.358054,0.9024677
1237666492704490238,328.009806784186,-1.03760439769307,11.30381,1.583742
1237666492704490246,328.016655465783,-0.985097231676453,7.357579,2.344286
1237680263996375243,351.074171645515,-6.89432356821904,7.359055,0.9997082
1237658222745421125,83.1210223007429,0.823925578465723,27.92178,1.386007
1237679433441149420,351.778451185569,-3.50005711558665,258.4176,0.4173756
1237679433441149428,351.787503203969,-3.59027039079305,43.77485,1.991367
1237679433441149439,351.798691732691,-3.65815986426335,7.360061,1.867767
1237679433441149471,351.817747247862,-3.60852604478577,11.30762,1.768978
1237662305648247170,202.184479559081,40.5140518898925,11.30656,-0.4729671
1237668330951016952,212.665958372551,14.6801636860581,11.30662,-0.0505619
1237661957219025869,194.394518977261,50.8982811022214,11.30754,1.067011
1237661957219025885,194.455186097864,51.0372712691791,11.30754,0.9912472
1237661351628702681,165.508157930496,54.815060143908,7.357635,0.954567
1237661351628702684,165.596593548849,54.7294516073896,11.30389,-0.5311432
1237678845030303632,314.169141218893,5.27066029593147,18.01555,2.152349
1237661957219025896,194.455154212708,50.9239267255086,7.36001,0.6530666
1237661957219025902,194.465199273354,50.9174909770405,7.36001,0.3202076
1237661957219025914,194.52385035374,51.0559734630165,7.36001,3.563549
1237679433441214633,352.004050136037,-3.54172623933409,7.169471,0.8141918
1237679433441214638,352.01834561924,-3.69268119224741,5.747482,0.4920387
1237664972286263490,233.478602919274,23.801462366789,6.409255,0.6357136
1237668330951017366,212.559051390201,14.6743457391251,18.01987,4.187586
1237668330951017369,212.607875604379,14.6268734954629,7.35941,3.947607
1237668330951017376,212.565504679973,14.7498506906442,18.01987,1.840965
1237666209237107948,250.52061916974,28.5628046183403,7.361126,2.129343
1237671930133152534,159.007822037891,8.05977135588092,7.359143,1.860395
1237667725360496968,82.9220792484724,8.20608482892653,10.22841,1.311453
1237663889954439499,20.9973040147667,-1.05259713874185,5.525664,0.9913845
1237671066844595809,22.4652565754514,38.506227216294,18.01557,2.228907
1237645876861600549,337.296434019513,-1.02631536902686,7.358075,1.829662
1237666492704555930,328.261535922107,-0.989482436612273,7.358632,0.9959908
1237666492704555936,328.263813565296,-0.844918312509816,7.358632,0.4341831
1237662695954776926,217.191229562318,31.7676564691572,7.358522,1.612692
1237665427552731471,194.448659023461,28.7431939401524,7.359364,2.19611
1237666300525282255,341.084573328961,-0.195243622323451,7.357898,1.564777
1237666300525282264,341.100710817721,-0.0334243568551034,7.357898,2.667263
1237650004325171496,326.78425173064,-1.10809672764796,7.359006,2.608892
1237657584942842407,23.3634748842903,-0.943998037265457,7.358663,0.3026199
1237657584942842408,23.3645028055761,-0.983199165865959,7.358663,0.9834671
1237657584942842421,23.3739241142491,-0.993005694501156,7.358663,0.8156548
1237667725360627752,82.8204196285835,7.96647605021556,18.01072,7.569879
1237680263996506527,351.303787890953,-6.90333127023023,27.9288,0.8663254
1237668647170408997,177.257813829166,20.824356492407,7.35965,0.9358482
1237668647170409001,177.267275189063,20.6910813783774,7.35965,0.546463
1237680263996506725,351.380559150644,-6.88247545840388,7.361064,-0.07217026
1237680263996506734,351.383047275772,-6.92846628278097,7.361064,0.3563957
1237680263996506741,351.387330038649,-6.88070610738541,7.361064,0.8604031
1237680263996506742,351.384543114902,-7.00485168549484,7.361064,1.237726
1237668330951147833,212.920779953624,14.5198857406859,9.560754,0.5969601
1237680263996506747,351.389169720453,-6.88790882796662,18.02392,0.3796253
1237680263996506763,351.238372393413,-7.02769217345727,7.361064,1.449682
1237661351628833186,166.04266767469,54.8237668433308,7.359041,0.4459267
1237661351628833197,166.06157411272,54.8025188064636,7.359041,0.8767147
1237661351628833204,166.046639756152,54.8444714113512,7.359041,0.3516426
1237663228530131732,248.632348532893,75.8863438678771,7.361907,1.310396
1237663228530131743,248.624501729319,75.9171941322244,7.361907,0.6847858
1237666492704621388,328.38379835277,-0.889163078557661,7.360175,1.199091
1237660750333215848,66.3585523868611,23.2679343445663,7.359959,1.437988
1237661351628833408,165.985961297395,54.8741061677042,7.359041,1.649912
1237668647170474195,177.348362221003,20.7099617939282,7.36012,0.8456993
1237668647170474206,177.365916165777,20.8626045807733,5.678315,0.3781643
1237665427552796870,194.58678910155,28.7182375062667,5.08294,1.053722
1237669516361532260,344.867015138493,5.93526619505689,7.359078,1.963369
1237657584942973129,23.6318199494769,-0.855868741083688,7.356211,0.4936104
1237671930133217788,159.131016632022,8.09994339257429,7.358529,0.7046318
1237657584942973160,23.7292334613067,-0.866004360570946,7.358791,1.167713
1237668647170474774,177.454856282293,20.867089052133,7.36012,1.898375
1237658222745551676,83.3697064931366,0.825073431948351,7.357668,1.061857
1237658222745551690,83.3745974212128,0.7708073831303,68.2925,0.6548576
1237667725360693804,82.826209801159,7.72444123985784,5.429292,0.4826908
1237672131997664654,276.75482659323,13.9986106241842,12.00515,1.360472
1237680263996113001,350.384282759241,-7.04319859259303,7.357767,2.502802
1237666492704293018,327.555275277597,-1.04356975916696,11.30469,0.3868446
1237666492704293034,327.582472064921,-1.03149750990743,5.903783,0.8056908
1237669516361269684,344.311914335846,5.79141805362991,7.358296,2.007177
1237651494678495511,112.61682723837,33.9969862197382,11.30673,1.586029
1237654187634196847,172.625962660132,-1.08546817558116,8.30985,0.3211689
1237654187634196859,172.659106015007,-1.13262742435723,7.358911,0.2170258
1237654187634196866,172.672779745648,-1.11002223467367,5.640553,0.6760235
1237657584942449196,22.5003935208865,-0.976487853177994,7.359112,1.595266
1237678578742264396,329.044424624344,19.4099809459463,6.183476,0.7161026
1237665427552404010,193.547320084655,28.7544381500015,7.360389,0.6709557
1237657584942449212,22.5088423976778,-1.0437797907458,27.92139,0.9417992
1237657584942449217,22.5105395830116,-1.0397348749789,11.30616,1.367502
1237668330950754779,211.961376955491,14.8140091826203,7.358405,0.3862247
1237656850502713933,343.506079740444,-0.935305397765455,7.358536,0.9356422
1237656850502713956,343.520767623958,-1.05260658795989,5.617272,1.718555
1237666209236911045,249.859438079603,28.6539790046088,18.01836,1.18479
1237654866228282405,118.552184634104,-1.88763800084948,7.359416,2.592606
1237668647170081369,176.485860849568,20.8332210997586,7.360004,2.058075
1237671930132890688,158.448840308416,8.03824033972721,18.01542,1.782234
1237671930132890690,158.474994543668,8.10434641245602,7.357589,1.780132
1237671930132955139,158.547419367187,7.92835022500983,14.3433,0.8682604
1237664972285936016,232.724444034222,24.1719876298875,7.359971,6.01092
1237664972285936034,232.758882947176,24.2121319616028,7.359971,-0.09651756
1237654187634327709,172.951706479705,-0.979885148207178,7.359672,0.8659019
1237661957218893837,193.814608711103,50.9199077979388,8.939342,0.3943653
1237654866228282740,118.426720983333,-1.991431360835,5.554473,1.232042
1237667725360038320,82.8236675236523,9.21024134235423,7.334854,1.561373
1237661957218893995,194.019489947131,51.0756360307511,6.630157,0.4393539
1237680263996178972,350.598954181432,-7.00248036261733,106.7127,0.487175
1237680263996178994,350.602603160152,-7.04962747495632,11.30463,1.571686
1237671066844464599,22.171139977721,38.2030790208773,43.77008,0.7174129
1237679433440886974,351.183004079137,-3.63309838662678,5.082232,1.015543
1237654187634393211,173.176623758409,-1.11556837917224,7.359867,0.9833927
1237668330950820452,212.114653437293,14.7655860370287,11.30555,0.9028206
1237668330950820458,212.118748604353,14.7743931626911,7.358715,1.426262
1237668330950820466,212.10462703948,14.6496356480411,7.358715,1.259073
1237668647170146621,176.513951322686,20.7010117657792,5.078221,0.8552837
1237668647170146624,176.506459380546,20.8383095647624,7.359541,0.9757767
1237664972286001461,232.93524958534,24.123988462664,6.562501,0.3146305
1237664972286001464,232.967650519822,24.1812053793074,7.360575,0.8020782
1237664972286001482,232.954622509897,24.0902485092375,7.360575,0.07781219
1237662695954580255,216.753608564078,31.8516392089341,7.358246,1.002031
1237680263996244157,350.723996933223,-6.86091354793598,6.512523,1.522673
1237650004324909874,326.19711538031,-1.13113482696417,7.35961,1.431316
1237650004324909893,326.208729763029,-1.21474146414272,7.35961,1.437281
1237659234211530694,253.980803976985,-0.984298368782328,11.30516,1.581039
1237666300525150515,340.699812245981,-0.133922798642277,11.30326,0.2087135
1237666300525150516,340.700899242725,-0.198994696922533,11.30326,0.2375431
1237666300525150520,340.70398753221,-0.185269750984806,7.357218,1.594587
1237666300525150523,340.705415236705,-0.124761276786189,11.30326,2.192266
1237656850502844670,343.806880537713,-0.907379930884433,7.358242,0.9884644
1237655549129327469,238.787594080922,-0.947737396120806,7.356497,1.174183
1237663889954243124,20.6487190188478,-1.14908997080472,27.92028,0.7676373
1237663889954243142,20.6740203281613,-1.24582806228492,11.30571,2.093611
1237655549129327633,238.88014027162,-1.12951203571132,11.30215,2.835684
1237655549129327635,238.882385913107,-1.10426655276573,11.30215,1.630568
1237679433441017959,351.511391531125,-3.49390869384851,7.359715,0.9310665
1237661351628571521,165.011791871798,54.7239891178975,18.01448,1.355095
1237666492704424587,327.927781274005,-0.921980263472103,11.3078,0.7015018
1237666492704424594,327.935454442301,-0.945333825019424,7.360176,1.063574
1237666492704424607,327.947533131438,-1.03253261094326,7.360176,2.347776
1237662695954645513,216.916638014748,31.8954011040541,5.476788,1.59605
1237663889954308256,20.8220857394451,-1.0950864282961,5.530595,0.9347591
1237666492704424878,327.841967029014,-0.976289191199679,11.3078,2.311365
1237666492704424879,327.843080907632,-0.932862457704803,7.360176,3.62014
1237672131997600313,276.660560698813,13.7869196511352,7.361529,2.123161
1237663480321671238,308.469330564501,1.02589022398551,11.30458,1.712318
1237660191987663615,310.532849616952,-1.11841927421576,5.20711,1.098255
1237668330950951087,212.400983093642,14.7440504938674,5.560751,2.115551
1237668330950951088,212.399025267795,14.7436191841343,7.247195,0.4731388
1237661351628636985,165.220877313318,54.7329940871647,18.01959,1.748175
1237661351628637004,165.290752047001,54.7704470737478,7.359295,2.941532
1237679433441083633,351.601536911612,-3.64877076464496,6.592007,0.7716732
1237661957219025055,194.474949097805,51.014625268639,27.9248,0.6010628
1237659234211595451,254.159755737037,-1.08171769596905,7.3588,0.9001598
1237650004325040365,326.593163233348,-1.17423582698281,5.166238,2.176643
1237661957219025235,194.295520925947,50.878199307112,7.36001,-0.7984715
1237662695954710825,217.198361075508,31.871364751041,11.30454,1.281179
1237664972286197887,233.435839033208,23.9700357006681,5.566214,0.8343658
1237664972286197892,233.391867901291,23.8772490498003,7.357468,1.48629
1237667205668929697,71.3705023521161,56.9532671917983,17.51711,1.89964
1237667205668929705,71.363514690425,56.958571969589,27.92499,9.118446
1237680263996375160,351.076907036065,-6.89355283468276,7.359055,2.068649
1237671930133087061,158.845192512688,8.09855608060005,7.359358,0.01379395
1237658222745420975,83.1616566054078,0.785872111813128,7.359212,2.068239
1237652929198621613,309.201878727403,-6.82141316185787,7.358649,2.159513
1237666300525216517,340.93480220983,-0.0186609048202288,7.354585,1.216389
1237666300525216519,340.935111216236,-0.107331533972239,7.354585,2.326801
1237669516361401662,344.635387539773,5.85600071900939,11.30585,2.291616
1237666300525216740,340.96864640455,-0.0171886471366165,7.354585,1.197493
1237663889954374337,20.9281364925326,-1.10078189336249,7.357864,3.537874
1237654866228412727,118.781095878912,-1.94171849384799,7.3592,3.800545
1237655549129457713,239.05692312951,-1.06264992924826,5.611145,0.3193531
1237657584942776383,23.1693326683122,-0.910420268151025,7.35891,1.218
1237654187634786709,174.054422064305,-1.14396143541961,11.30703,0.6883812
1237654187634786716,174.025640280193,-1.05205871452015,7.359676,0.8832226
1237671930133152238,159.024435402095,8.13054200604268,7.359143,1.28108
1237668647170343068,177.139158449233,20.6825618440596,6.49538,0.3313694
1237668647170343070,177.140050034536,20.6850527014783,7.34107,0.3004704
1237679433441214674,351.895761920689,-3.66607559311667,43.77389,1.238026
1237679433441214687,351.900775207635,-3.53690150691649,258.4119,1.706287
1237666300525281501,341.095462090257,-0.114359673437949,6.962886,0.9398708
1237671930133152665,159.083676776237,8.12314370880491,11.30621,1.30703
1237660750333150786,66.4273118053976,23.0673901121435,43.76674,-0.03414154
1237671930133152692,159.098897582946,8.15087438132547,43.76939,1.006836
1237645876861600640,337.251650605108,-0.882383125562582,11.30457,0.1507626
1237657584942841934,23.3434879517389,-1.02088373842426,27.91969,1.14559
1237657584942841952,23.4111542097449,-1.00809983679401,5.045697,0.9130955
1237662305648247934,202.28128187823,40.3623484893268,27.92237,0.5532303
1237657584942842214,23.3841199693778,-0.867406669830905,11.30548,1.0182
1237645876861665606,337.353673785966,-1.03351417753371,7.356823,0.2715416
1237655549129458862,239.052964383153,-0.964757904671002,7.357682,1.069902
1237652929198623210,309.129893948498,-6.76796689986424,11.30545,-0.1824837
1237660191987729461,310.738355139264,-1.08662341350529,5.859674,0.9402981
1237665427552732130,194.452916842213,28.7698294335488,7.359364,1.220224
1237665427552732139,194.459294002777,28.7351836434641,27.92235,3.515242
1237662305648312746,202.345708379553,40.4329772624102,7.359571,0.6436138
1237650004325171947,326.836233717459,-1.21804709699827,43.76858,0.5478172
1237650004325171956,326.843363768362,-1.24988723103959,7.359006,1.380257
1237650004325171959,326.844349174563,-1.11300991895047,18.01889,6.412647
1237652929198686293,309.296255533491,-6.79843882801818,11.30693,1.699209
1237661351628833086,165.97893797754,54.7330183987604,5.118909,1.424696
1237668647170409265,177.294493265079,20.8659293386087,106.735,1.762993
1237656850503107247,344.365656063711,-1.03233870284352,68.3105,0.9944172
1237664972286394638,233.862518157878,23.7584218376929,7.357547,0.5334778
1237679433441345999,352.196158646106,-3.62320559429684,7.360183,1.46883
1237679433441346004,352.199301063187,-3.63305794195967,258.4218,1.425674
1237679433441346008,352.200185805514,-3.69831220905451,5.672992,1.838396
1237654187635114249,174.822893305895,-1.07930534275572,5.839708,0.2689266
1237654187635114267,174.689020683259,-1.07934772696554,7.359828,1.159206
1237654866228413933,118.788815456951,-2.00920995413658,6.275497,0.8599415
1237662305648313628,202.484940709322,40.350219394984,7.359571,0.350462
1237662305648313629,202.503293178634,40.3926788778175,27.92314,1.061863
1237662695954907728,217.632001544468,31.6412572381094,7.357447,0.4374714
1237667205668932844,71.5521295282308,56.8565581966711,11.30762,1.396095
1237669516361269407,344.326643726481,5.78399899756194,11.30491,0.991396
1237664972285870131,232.687385805512,24.1403801713851,18.02019,3.701183
1237663228529738135,245.234789341754,75.5564912694807,7.358841,1.001898
1237663228529738140,245.282441415014,75.5464871195048,7.869511,1.018469
1237657584942448997,22.4791131239347,-0.864122302697479,7.359112,0.311533
1237664972285870524,232.673038727417,24.3142320109318,18.02019,1.060987
1237664972285870528,232.670192940158,24.3109540471764,7.359538,0.5749321
1237680263996113374,350.419464067139,-6.97593100996981,7.357767,0.9092045
1237666492704293463,327.6188986108,-1.04079400509199,7.305403,1.27421
1237650004324844315,326.109800164485,-1.25768696247005,11.30925,0.990015
1237650004324844321,326.111264733514,-1.13999513643398,7.36112,0.438961
1237657584942514184,22.5433341877064,-0.971542588633188,5.238624,1.469097
1237645876861272727,336.525981074222,-0.879361950402965,7.35686,1.516571
1237663228529738590,245.160010390901,75.5337979174357,27.92037,1.52103
1237663228529738595,245.756833945415,75.4432965350013,7.358841,0.6964169
1237657584942514238,22.641678761313,-0.842075277270272,13.50744,1.173764
1237663228529803442,246.062900957034,75.5351675878202,5.206353,1.116972
1237666492704293825,327.648535406409,-0.941440644913909,7.358155,2.264282
1237666492704293833,327.653867617863,-0.938836538345433,11.30469,1.1045
1237666492704293840,327.659405747442,-0.92460788143494,7.358155,1.201303
1237667725360037926,82.9212774515626,9.2261510387237,9.112363,0.2396975
1237667725360037934,82.9179293242302,9.22405232463951,25.1611,8.889542
1237666209236911038,249.860823790877,28.7134313389349,258.373,0.5895042
1237662695954514643,216.597485471724,31.9952820466255,11.30597,0.8198643
1237662695954514646,216.609352441484,32.0136706626736,7.358984,1.568361
1237668330950820001,212.182884550058,14.6270901017902,5.226454,0.7728691
1237664972285936227,232.768902363335,24.2571288868168,18.02125,0.5541553
1237663889954177312,20.4146279369029,-1.17199842430189,18.01906,-0.2039776
1237669516361335017,344.465550047228,5.97308581737751,5.496932,0.2917957
1237671066844464632,22.2271010070487,38.225645409814,43.77008,-0.5868187
1237655549129326829,238.769313550196,-1.0953779172963,7.067287,1.026178
1237656850502779412,343.635982807895,-0.994872575635782,7.358258,1.119749
1237656850502779430,343.64061115956,-0.877316807648378,7.358258,1.245125
1237668330950820379,212.20613706251,14.691982458399,7.358715,0.8756237
1237654187634393246,173.066190013552,-0.978051029683789,6.751583,0.9510441
1237663228529869265,246.490322575336,75.6779390724246,5.462919,1.251335
1237662305648116392,201.868134850518,40.5629576255365,7.359334,0.763134
1237661351628570924,165.139364397201,54.7179295943157,5.724944,1.596439
1237660191987662931,310.490240656513,-1.17754134254071,11.30685,1.491158
1237666300525150821,340.730102037307,-0.122576302333083,7.357218,1.6189
1237671066844529501,22.1831536674991,38.3241193325352,43.76876,1.534624
1237665427552534864,193.885545989512,28.6564607182336,6.079428,0.8118458
1237663889954243111,20.6367063633338,-1.14516448294984,7.358817,1.182409
1237680263996244761,350.738549570471,-7.00405826663006,7.360472,1.350334
1237661957218959752,194.293105052757,51.0197419510964,5.609118,0.6142712
1237680263996244782,350.763543109083,-6.92800128258066,7.360472,1.324844
1237671930133021403,158.786804545276,8.13751776394486,7.359257,1.938747
1237679433441018357,351.595822231439,-3.51827239749063,166.5321,0.9875355
1237665427552535373,193.826658676613,28.6651970723649,7.360062,1.018442
1237665427552535374,193.829289285384,28.6708728492269,11.30762,1.248827
1237679433441083403,351.647294021681,-3.64916794957433,8.384896,0.8634567
1237679433441083408,351.638338482077,-3.6633919394957,68.31493,0.3835316
1237661957218960239,194.172372844444,50.8873766869222,7.359869,1.299629
1237661957218960258,194.225501132234,51.0618687982904,7.359869,1.531322
1237678578742331051,329.257931534309,19.5951275195686,7.358742,-1.065247
1237661351628636913,165.406343149014,54.647790756946,7.359295,0.4813576
1237661351628636918,165.353683479843,54.7618430293652,7.359295,1.768585
1237661351628636974,165.205069293785,54.6870758953033,7.359295,0.2244968
1237668330950951408,212.378354405425,14.6050786966564,7.360104,1.35907
1237662305648182030,202.0553531256,40.3763149455177,7.359213,1.329275
1237664972286132808,233.185886000343,24.0238236551039,11.30817,2.795107
1237654187634655308,173.660695733946,-1.15026658394792,7.243021,0.2790127
1237652929198621060,309.209383198509,-6.92462718363408,11.30545,0.99119
1237667725360365602,82.9087462589262,8.50177793848822,7.358163,1.477484
1237667725360365604,82.9112777645373,8.49583687316621,23.81031,2.638107
1237667725360365617,82.9299032887053,8.46621013846259,25.18308,10.95376
1237667725360365619,82.9359910619788,8.46830922961444,17.52147,8.406355
1237666209237106786,250.347923485139,28.4623827234508,68.32461,13.47771
1237663228530000267,247.357787776479,75.8034718084539,6.596599,1.015854
1237665427552600811,194.088125147252,28.6685866688124,7.35974,2.013971
1237665427552600827,194.107190865258,28.779765671165,7.35974,0.6585407
1237663889954374027,20.8993761832776,-1.25653336734584,11.30425,1.652542
1237665427552600857,194.118495724474,28.6833718702176,11.30713,1.332773
1237663889954374072,20.9215168810288,-1.05868045981676,11.30425,1.773594
1237661351628702369,165.481223631735,54.722018367112,11.30389,0.966507
1237661351628702382,165.441228693235,54.8358361012088,7.357635,1.49692
1237645876861534682,337.044261875045,-0.914623822436208,7.355452,1.84672
1237661351628702610,165.521526679373,54.7032684949085,18.01553,0.3366528
1237651494678627526,112.57773689718,34.2556351440722,7.359697,0.9260712
1237669516361466208,344.690297235187,5.90204503877987,11.30575,-0.1012402
1237666492704555498,328.184785527006,-0.863670316011495,7.358632,1.201923
1237661351628767639,165.745866142984,54.8571048320286,7.356921,0.7353611
1237661351628767647,165.834745830061,54.6929446696612,5.034409,1.802372
1237646798131822894,108.064662226943,0.859303494056478,12.92427,8.559826
1237655549129458219,239.048577893361,-1.09603180610891,6.102953,0.6313343
1237666492704555764,328.12712461618,-0.911147474207277,27.91957,0.9390392
1237654187634917648,174.312327085818,-0.977037245054742,18.01981,0.9158993
1237654187634917668,174.342451476594,-1.10571608177032,7.359383,1.156147
1237654187634917669,174.347899041394,-1.11058037795122,5.137455,1.537416
1237654187634917677,174.358238717914,-1.00536682174396,11.30658,0.7607155
1237663228530066265,248.201174539269,75.8516044906462,27.92034,3.363251
1237654187634982995,174.489010404092,-1.04179926385506,5.042476,0.7876539
1237661957219156232,194.75375020385,50.8454706329966,5.203565,1.628616
1237661957219156243,194.785123477725,50.9496842690675,7.360464,1.065737
1237663228530131296,248.758959016663,75.8941482802451,6.072033,0.5190525
1237662695954841783,217.510780242776,31.6877999324365,27.91781,3.553579
1237657584942842464,23.4087482537832,-0.871663445324466,7.358663,3.028179
1237666209237173348,250.494592529014,28.4434889410539,11.30786,0.6812515
1237663228530131508,248.795595149092,76.0524609142293,7.361907,1.02037
1237663228530131512,249.050465046221,75.9443056551718,7.361907,0.6629601
1237663228530131516,249.031433765214,75.9573961285101,7.361907,0.7105312
1237646798131823834,108.138370549276,0.989291741389948,5.004715,1.244652
1237663228530131546,248.299078599326,76.0065851333532,7.361907,1.32279
1237663228530131605,248.630452478309,75.9631440887429,7.361907,1.112608
1237663228530131609,248.471889548957,76.0389781234846,11.31046,1.559387
1237663228530131610,248.827287572899,75.8749505980007,7.361907,0.9869671
1237663228530131612,248.493208872332,76.0327422312645,11.31046,1.600096
1237663228530131613,248.637068311426,75.9674784473849,68.33185,1.439512
1237663228530131615,248.741019353538,75.9225825798637,7.361907,2.041794
1237656850503107041,344.376831826584,-0.984059485922992,11.30693,0.5042534
1237666492704621291,328.32709412044,-1.02964735271757,18.02175,1.384056
1237663228530131656,248.839015169723,75.9449065832895,11.31046,1.137896
1237663228530131657,248.896331894566,75.9213166728152,7.361907,2.050863
1237667725360628244,82.8142355335616,7.897024491308,11.30088,3.12895
1237663889954505053,21.1483220169997,-1.16939859818241,7.358516,0.7757149
1237667205668932232,71.6233713510997,56.9405713750548,7.360058,0.7605972
1237672131997664018,276.646992060522,14.0097994246294,7.099401,0.2260723
1237660750333215827,66.4244357720269,23.2496266640919,27.92461,0.6858978
1237660750333215836,66.3667905576362,23.2583569197292,5.448544,1.762932
1237658222745551042,83.3941309374716,0.761629694766514,7.357668,3.152271
1237662305648313355,202.389657850281,40.4770787763489,7.359571,1.404964
1237662305648313375,202.407581057543,40.4794230388359,7.359571,1.166168
1237654187635114292,174.729047083117,-1.0615687366054,18.0209,0.2374344
1237654187635114295,174.739800214058,-1.04062618996879,7.359828,0.818203
1237654187635114307,174.762671557092,-1.13704321451687,11.30727,2.138287
1237654187635114312,174.771336163539,-1.12028274845003,7.359828,1.112095
1237654187635114313,174.774887411719,-1.09739647312667,11.30727,1.055353
1237680263996572098,351.448416081407,-7.03377544599916,7.359853,0.5747566
1237666209237238305,250.680102262763,28.498339703548,258.3679,0.4886875
1237680263996572319,351.435739585908,-7.05674180354051,7.359853,1.505619
1237671930133218121,159.252186648754,8.0680242227268,5.319314,1.685572
1237654187635179685,174.934537423274,-1.13761988840466,8.080874,0.6119785
1237654187635179698,174.836091786179,-1.01427503487105,7.360307,0.211319
1237663228530197306,249.44037391602,76.0965194395694,7.359602,1.813084
1237651494678758152,112.907382044896,34.4565533012855,5.799939,0.3285618
1237656850503172812,344.518569383411,-0.961939219801379,11.30682,1.193701
1237666300525019164,340.462990548645,-0.112913118751173,7.358108,2.144939
1237678845030236412,314.079093187005,5.20216923212402,7.357713,1.135773
1237660191987597427,310.372215935766,-1.12533799138068,7.358652,1.143698
1237657584942449134,22.4401686094963,-0.839074452357526,7.359112,2.212408
1237657584942449140,22.4489539275688,-1.03217376948631,7.359112,1.316927
1237671930132890032,158.413211111468,7.94641603702862,11.30383,1.644913
1237663228529738320,245.222912697828,75.5160264114866,7.358841,1.208956
1237663228529738322,245.157550020198,75.5465460098031,11.30575,1.918638
1237663228529738327,245.439582104223,75.4391020674726,7.358841,1.297092
1237659234211529259,254.049320371305,-1.11750434367256,5.137982,1.264683
1237662695954514390,216.568627989353,31.8843186212916,7.358984,0.9164772
1237678578742264666,328.984604156974,19.578318022629,7.358767,0.967041
1237678578742264673,329.006265228162,19.5023570340636,7.358767,0.2346325
1237678578742264680,329.030346527639,19.4278074891802,7.358767,1.326275
1237678578742264686,329.010623985837,19.5203977849101,7.358767,0.6602459
1237666300525020175,340.516851099155,-0.108828015383512,11.30462,1.939819
1237678578742264875,329.095300139572,19.5766854485216,7.358767,1.012093
1237680263996178808,350.524863976448,-7.01890464854329,7.358115,0.5478001
1237656850502779002,343.550704408909,-1.04457272736804,68.29798,0.5536556
1237658222745290108,82.8118857347857,0.789801755349633,7.360177,1.518171
1237656850502779028,343.623875038077,-0.897430924681245,7.485027,0.3513088
1237669516361334854,344.447761678153,5.83388752166531,27.91953,3.120596
1237672131997598541,276.544096886725,13.9251961877543,18.02506,-0.5540371
1237654187634328065,172.997545974642,-1.10456863271064,18.02052,1.775681
1237654187634328073,173.014683809739,-0.999119607445141,106.7353,0.6150017
1237654187634328080,173.022513525643,-0.988360624360733,11.30703,-0.2099514
1237666209236976082,250.02697312679,28.6653002046868,43.77022,0.6516342
1237666209236976089,250.007575223901,28.5897814520065,27.92204,0.8458252
1237663228529868854,246.578681829226,75.6048737008336,11.30734,0.6400223
1237666209236976229,250.085416837919,28.5345754857764,7.359282,0.8079185
1237656850502779455,343.650648389076,-1.03015436743071,7.358258,0.4898109
1237656850502779457,343.650841995302,-0.862353361104077,7.358258,0.9683666
1237680263996179414,350.605180303232,-6.93508140263329,11.30463,-2.551525
1237680263996179415,350.626367766611,-6.98579026787956,18.0167,-1.186684
1237680263996179420,350.564808819895,-6.97167889575873,7.358115,1.611801
1237679433440952494,351.429063029402,-3.67836374629333,5.275086,1.752975
1237663889954242676,20.6855274910123,-1.19381517541398,6.160789,0.962656
1237664972286001707,232.853952855191,24.0710594714011,7.360575,0.6519413
1237664972286001716,232.944282077824,24.1973405347745,11.30841,2.300661
1237664972286001717,232.885775115808,24.0801941611538,7.360575,3.01627
1237664972286001719,232.878545520718,24.0587831438771,166.5516,8.855368
1237664972286001725,232.868240676876,24.0159578786394,18.02273,1.835991
1237665427552469952,193.658813247194,28.6962707086325,7.360333,1.686348
1237661957218894727,194.054024639447,50.9640834616887,7.359409,0.9653378
1237654866228347122,118.591850875534,-1.88542715948797,7.361444,1.395647
1237678845030238522,314.087669865251,5.12054551162473,18.01572,1.369463
1237654187634458942,173.211260093947,-1.05530637289845,7.360477,-0.1374817
1237654187634458948,173.22076836953,-1.02078010331055,7.360477,0.9922981
1237650004324974700,326.421681907023,-1.08469341400955,7.119369,1.370638
1237668330950886003,212.220154367731,14.6981706494575,7.359778,1.65473
1237668330950886010,212.23622181045,14.7755715603472,258.4076,2.138363
1237668330950886020,212.246851050524,14.7823961307605,258.4076,2.114954
1237668647170212043,176.726145144935,20.8287430290908,5.223167,1.707701
1237668647170212055,176.777696549458,20.7824197748061,5.018201,1.273054
1237668647170212060,176.799074146225,20.8239671600743,10.20243,0.6399422
1237668330950886046,212.263503503383,14.7352462526237,106.7368,11.41295
1237668330950886211,212.253118669013,14.753566208043,68.51508,2.643343
1237668330950886215,212.263114837844,14.7448703421023,106.7368,1.205261
1237660750333084929,66.2765642120817,22.974373493877,7.357801,2.762878
1237660750333084931,66.3446894576093,22.9780071184634,7.357801,1.015381
1237661351628636417,165.312094335604,54.8209511199405,5.468825,0.9633484
1237661351628636428,165.347519997511,54.773315705651,18.01959,1.842953
1237667725360234892,82.9625824927874,8.8055190139957,7.358622,1.150597
1237661351628636703,165.380800913444,54.7191779236176,11.30645,1.072916
1237662695954645718,216.844000266437,31.852196830953,7.357577,1.191507
1237673708786286910,121.209021522094,-9.16478377810475,5.832338,1.142876
1237651494678562370,112.580522386096,34.1676164031012,7.359231,0.8488216
1237645876861469332,336.912407593289,-0.865577477619081,7.356841,0.8509693
1237665427552600236,193.986029104365,28.6964636024212,5.312425,0.8931484
1237668330950951471,212.435137711728,14.6476038434866,7.360104,0.7619572
1237665427552600263,194.051198389582,28.7920119602674,10.83605,0.4763298
1237664972286132872,233.280855103768,24.0230673500007,11.30817,-0.7629032
1237680263996310440,350.809988960209,-6.94232466971616,7.360272,0.5153866
1237663889954373759,20.9657514885256,-1.11771166161526,6.373298,1.289959
1237666492704490184,327.97186321331,-0.844586408040343,11.30381,0.7381325
1237665427552600692,194.000063834857,28.7563839913937,7.35974,0.8464947
1237679433441149166,351.848996195162,-3.56850581902538,6.252092,0.7047043
1237668330951016719,212.654962355382,14.6448470519241,5.33793,0.5934715
1237664972286198241,233.487929648775,23.9292020535199,7.357468,0.3734627
1237650004325040950,326.57564576902,-1.20215553579974,7.359641,1.23233
1237650004325040960,326.582101593279,-1.2609501936184,11.30698,1.3622
1237650004325040962,326.582626701311,-1.19574642417606,7.359641,3.450212
1237645876861534794,337.102126849339,-0.919848990096123,7.355452,-0.119709
1237663889954374315,20.9160589251169,-1.2175838709905,7.357864,1.989309
1237679433441149553,351.811320780251,-3.5552072469998,106.7409,1.262871
1237679433441149557,351.814966720631,-3.54276659552066,166.5399,0.1776962
1237658222745421259,83.0984857250144,0.64481590858615,27.92178,1.162962
1237668647170278337,176.836286319159,20.8570701725404,18.01821,0.8907146
1237651494678627453,112.645835124845,34.1886818634359,7.359697,1.173698
1237661957219090515,194.546870471599,50.9230384158047,5.010233,0.7126484
1237666209237107694,250.418808384944,28.4373778526694,11.30926,1.036041
1237679433441214700,351.91941332214,-3.55910981488702,5.295501,0.6194439
1237679433441214703,351.925800486342,-3.5566989661898,5.32307,0.4940033
1237679433441214705,351.930350896691,-3.65807828683202,7.321049,0.7868748
1237663889954439272,21.0763093204282,-1.24042728780434,8.232293,1.323559
1237679433441214889,352.011462835754,-3.60867360957226,7.359899,1.03977
1237679433441214894,352.014519913616,-3.68402491374119,5.150957,0.7006817
1237656850503041414,344.210686550457,-0.960479820253808,7.357521,-0.2619743
1237656850503041415,344.211423029217,-0.901047675137212,7.357521,0.7703056
1237656850503041418,344.213101859837,-1.03385708018233,7.357521,0.3564186
1237680263996440853,351.107639952428,-6.97828195838963,43.77222,1.614731
1237651494678691973,112.706815023269,34.4051814006184,27.92351,9.269836
1237666300525281922,341.01327775845,-0.124311775673282,11.3043,2.321766
1237656850503041599,344.160966829375,-0.887368837239399,5.121694,1.534975
1237654187634917767,174.371905756625,-0.954069554190652,11.30658,2.606369
1237654187634917779,174.242618698686,-1.05330686830262,11.30658,4.128176
1237654187634917784,174.31150690271,-1.0700591120096,27.92242,0.6696129
1237656850503041790,344.159384897393,-1.01942581015168,7.357521,1.726185
1237663480321673873,308.542981830557,0.950817643958849,7.358078,1.308985
1237666209237173140,250.567590692282,28.5600350261794,106.7432,0.1481895
1237666209237173148,250.561871459217,28.5131448828232,68.31617,0.6587124
1237679433441280571,352.119944473447,-3.51649047019652,7.35977,2.00775
1237662305648312494,202.494153722064,40.37241039152,7.359571,-1.248493
1237662305648312496,202.522188378392,40.449033994112,6.846644,0.2633915
1237650004325171847,326.769484220998,-1.20913266618765,7.359006,1.362507
1237650004325171854,326.774733738316,-1.16664862167708,7.359006,2.202375
1237650004325171864,326.778913212503,-1.20439693461716,7.359006,1.086851
1237650004325171867,326.780963466796,-1.23693202462495,7.359006,0.7381783
1237659234211661108,254.362129562218,-1.05673934517016,5.019142,0.8240929
1237664972286329553,233.674067662148,23.6853845418335,18.02172,1.30979
1237664972286329568,233.718709137971,23.8130492975946,18.02172,1.6423
1237668647170474039,177.450875599392,20.6823873606692,43.7752,4.866194
1237671930133152912,159.048940701611,8.0247784502996,11.30621,0.7918644
1237671930133152923,159.044109945598,8.16443993223928,11.30621,-0.3819313
1237660191987730089,310.722907125181,-1.24976144686344,7.358744,0.4592342
1237662305648313585,202.389306508053,40.3656452921406,27.92314,0.1437759
1237662305648313594,202.428454529831,40.4393295207066,11.30687,0.7606297
1237663889954505398,21.2299496926586,-1.25233920295386,68.30038,2.071587
1237663889954505402,21.2315476940799,-1.26153716025472,68.30038,1.147667
1237668647170474671,177.395269750651,20.7850837359523,7.36012,2.139183
1237680263996637215,351.632352441138,-6.90144167565343,8.838154,1.094999
1237662695954907817,217.67522710299,31.633146089971,11.30361,0.8392353
1237654866228414445,118.790275165704,-2.04117705544889,11.3063,0.1829071
1237660750333216278,66.3054627110708,23.2788132158582,18.02122,1.864275
1237680263996637508,351.599863121639,-7.01948853499539,11.30547,2.295208
1237651494678758355,112.765306371963,34.4669525967316,7.35901,2.101553
1237666300525019215,340.528065737774,-0.0308874125304485,18.01669,9.708382
1237646798131757243,107.916713735808,0.877721312220335,27.91567,7.713274
1237646798131757244,107.906663730956,0.866598298811653,18.01545,0.5072994
1237663889954111927,20.3291258069127,-1.21775510041641,5.060723,0.9912376
1237654187634196837,172.601759012955,-0.969599379854702,27.92063,11.97472
1237662305648050457,201.704268104443,40.6136525019112,5.128274,0.3778133
1237654187634196989,172.665456969985,-1.06825862062864,106.7243,-0.1959343
1237654187634196992,172.67596151076,-1.02988941871048,43.76801,2.935268
1237665427552403950,193.50519746683,28.7265216112066,7.360389,1.480379
1237661957218828789,193.723692250622,51.051847885616,7.359121,0.9070415
1237662695954514296,216.528228972129,31.9216231449759,7.358984,1.792915
1237662695954514310,216.568419548643,31.9927640642317,7.358984,0.7900257
1237668330950754827,211.978306269782,14.7905400275104,11.30508,0.5102215
1237679433440821264,351.019533682698,-3.64517479155607,9.2832,11.95912
1237661957218829037,193.673383297025,50.9224124849352,7.359121,4.002716
1237656850502714080,343.448924972446,-0.869545704350736,11.30528,2.18474
1237656850502714095,343.461469518605,-0.921679337448096,11.30528,0.7507629
1237668647170081146,176.39096314328,20.7981631133064,7.360004,0.2723885
1237668647170081150,176.39828076808,20.695652399463,7.360004,0.372364
1237668647170081167,176.39643969021,20.8321542434672,7.360004,0.6015358
1237671066844464225,22.3518872286076,38.2737706950535,7.359258,1.103601
1237655549129262021,238.686731792021,-1.00226224634346,11.30652,0.9513435
1237661351628505321,164.668883237222,54.6777885274107,18.01968,-4.370983
1237661351628505483,164.801643613283,54.5229554279482,7.35933,0.8610554
1237668647170081497,176.470872428488,20.6422717040768,7.360004,0.9236069
1237671066844464434,22.338156234394,38.2227167096624,7.359258,0.9650688
1237667725360103434,82.9397836661556,9.11292430820917,43.76289,0.8821249
1237668330950820408,212.06443035407,14.7142224897153,7.358715,1.684185
1237668330950820416,212.063840515636,14.6549655704425,11.30555,1.25481
1237673708786222789,121.168221999365,-9.25136079813948,6.400963,0.6673145
1237657584942580059,22.7558296850765,-0.980313571232145,7.359328,2.840551
1237671066844528847,22.3263899194712,38.3699632151521,7.359038,0.5200253
1237656850502779689,343.657157614195,-0.907346625903938,18.01705,1.499884
1237656850502779695,343.664382289214,-0.985943205300552,5.200861,1.472918
1237663889954242581,20.5952404853972,-1.07355685733782,7.358817,1.134436
1237663889954242600,20.6566671643591,-1.21524148523203,7.358817,2.310774
1237664972286001760,232.996625520761,24.0785007237224,11.30841,2.00625
1237679433440952576,351.32328011521,-3.6138792811906,7.309814,1.26738
1237679433440952580,351.327579704847,-3.53132123180911,5.857107,1.134687
1237660191987599254,310.442717300558,-1.06405482313736,7.358652,1.59346
1237666492704359425,327.715223330983,-0.950894707160277,18.01451,0.7024117
1237666492704359434,327.728375856641,-0.994643485422677,11.30326,0.7040348
1237678845030238488,314.045238980497,5.15842235423444,18.01572,0.6116238
1237645876861403563,336.766313283118,-0.836737918431481,7.357275,1.471233
1237665427552534961,193.793052766979,28.7351106293872,7.360062,0.8746338
1237663889954308152,20.7830205866503,-1.2343812314938,7.358018,2.776943
1237671066844529853,22.2557991611161,38.3796510615658,7.359038,0.7333832
1237671066844529865,22.3962288616153,38.3665546582388,18.01896,-0.5852051
1237662305648181410,202.032740720201,40.4588473468924,7.359213,1.726572
1237662695954645475,216.888657120391,31.8856893491526,7.357577,0.5375328
1237662695954645479,216.869546800906,31.8393334410862,7.357577,0.1626053
1237662695954645492,216.889360037153,31.8605658005292,7.357577,0.8734398
1237651494678562002,112.501213779332,34.1116763452256,7.359231,0.9509602
1237651494678562016,112.554243641018,34.0917152420471,7.359231,2.446783
1237679433441083482,351.621206746171,-3.53510335500767,11.30487,1.490015
1237679433441083488,351.635789665139,-3.54839521948464,258.4184,0.9600239
1237679433441083494,351.647411926748,-3.53564741615514,258.4184,0.5859299
1237679433441083497,351.62662113013,-3.54979079756864,7.625468,0.5369434
1237661957218960313,194.23543832352,50.8769457925063,11.30733,0.7151432
1237661957218960323,194.261513348508,50.9706717584723,7.359869,1.897547
1237654187634589980,173.614500128697,-1.00070165107436,5.25482,1.686852
1237669516361400820,344.639560480923,5.92618456987444,11.30585,5.29578
1237669516361400840,344.651619933291,5.97552800768112,7.358909,-1.218836
1237671930133086587,158.842434678693,8.14498200527548,11.30654,1.05694
1237671930133086602,158.855126623236,8.13959470691408,27.92233,0.7594509
1237671930133086607,158.857625018268,8.14520552875356,7.359358,1.116091
1237678578742395068,329.363028462635,19.6131384635756,18.01875,3.803015
1237659234211595392,254.139895631192,-1.10895460065695,7.3588,0.7632351
1237667725360300472,82.9130766957907,8.63911871032995,7.359449,2.007362
1237667725360300478,82.8621115625648,8.63011802091962,27.92268,-0.4217567
1237679433441148951,351.82585755739,-3.54904974630758,7.124913,1.662128
1237662305648182521,202.012111168988,40.5737220020283,43.76981,-0.3010216
1237654187634720956,173.893159528032,-1.06547573014606,5.004221,0.771595
1237654187634720971,173.937177198624,-1.12822702572201,6.39911,0.8216324
1237662695954711035,217.025149557843,31.7360887142549,18.01656,0.3561153
1237662695954711042,217.041174029102,31.7694635184821,68.29609,0.7936382
1237660750333149815,66.2223121896867,23.0251061492,5.405697,0.8130836
1237662695954711210,217.118247719297,31.7106016201159,7.358054,0.151741
1237651494678627062,112.604560392907,34.2040670482366,7.359697,1.291546
1237680263996375388,350.992549958075,-6.98267799184133,7.359055,0.8151855
1237650004325041115,326.561658727088,-1.13608372320714,11.30698,4.155912
1237663889954374252,20.8628790632688,-1.09434812221354,7.357864,1.508476
1237654866228412658,118.764663004561,-1.94825131921392,11.3063,2.86553
1237664972286198424,233.440057925817,23.8799041779165,11.30364,2.021276
1237678578742395873,329.378286416395,19.5188810450623,11.30592,0.8987961
1237668330951017137,212.594955871378,14.6163320389516,7.35941,1.211475
1237680263996375783,350.989444698579,-7.02755971805184,7.359055,0.3475742
1237660750333150287,66.3505568616825,22.9825308243342,11.30553,1.205355
1237656850503041212,344.208716360039,-1.00030272421551,7.357521,1.89843
1237662695954776216,217.369691150499,31.8128944284224,8.332127,1.434383
1237660191987728512,310.649443131018,-1.17238703893831,14.03263,6.854548
1237662695954776347,217.258869081418,31.762707477068,7.358522,1.781713
1237680263996440837,351.105332809035,-6.93144596000142,6.561052,0.1411819
1237666492704555796,328.155396752281,-1.04340231188219,7.358632,1.066143
1237666492704555798,328.157190435096,-0.865053606979206,7.358632,1.886444
1237663228530066283,248.162598930112,75.9153308940382,11.30574,0.8129387
1237666300525282167,341.013336403035,-0.0100275213321357,18.01617,3.49864
1237654187634917745,174.322821121305,-1.15398586793554,7.359383,3.537697
1237654187634917751,174.34247118404,-1.09008489187211,43.77082,-0.7183228
1237679433441280314,352.063620462175,-3.63571405917905,258.4073,1.536287
1237679433441280315,352.065058049561,-3.63348323569858,258.4073,1.186287
1237679433441280317,352.065536955942,-3.6226425862507,11.38605,1.185997
1237679433441280337,352.067609885208,-3.51662990644179,27.92389,1.099993
1237666300525346892,341.169872337767,-0.0666488441249845,7.092161,0.4755878
1237646798131823489,108.118807911589,0.928391462209407,27.91516,1.694626
1237663889954439799,21.0019294242193,-1.25607357351682,7.358235,3.493715
1237679433441280365,352.093753328075,-3.61853871031833,258.4073,1.759823
1237679433441280384,352.109505944712,-3.5057768603295,8.423391,1.208458
1237657584942842430,23.3753722245614,-0.951807768925558,7.358663,1.521515
1237657584942842446,23.3857057073639,-0.839381538551996,7.358663,0.8792515
1237657584942842448,23.3877998384712,-0.949935364435886,18.01805,0.6905556
1237666209237173161,250.572100368802,28.5156783804519,106.7432,1.451696
1237666209237173171,250.582014968684,28.5166640867626,7.360218,1.102983
1237673708786352509,121.33473617501,-9.0340195955491,27.92709,1.200102
1237666492704621143,328.376060723905,-0.889225839486377,5.812638,1.003201
1237671066844660621,22.4112880626249,38.60351756957,7.358047,1.471155
1237650004325172093,326.844655703452,-1.16533423843947,11.306,3.098244
1237650004325172111,326.868081499277,-1.16828581371307,11.306,0.8810406
1237666300525347542,341.242507099886,-0.0883726525201435,18.01708,1.205677
1237654187635113996,174.799338350146,-0.958231887619837,10.53735,0.5415707
1237657584942973003,23.6698374195191,-0.849530967391127,6.209195,1.279198
1237657584942973005,23.6718032942587,-0.845259141571755,5.291128,1.175631
1237657584942973013,23.6726201776187,-0.96418563609467,5.986993,0.5349522
1237668330951148475,212.924035091805,14.6478669881009,7.357271,0.2589111
1237651494678757609,112.783593786072,34.4611876798053,6.685608,0.8902588
1237662695954907340,217.682324977323,31.6669335972189,5.196855,1.391981
1237678578742526277,329.591991443336,19.7139803023349,11.30606,1.359381
1237656850503172622,344.556950990549,-0.951603811926259,7.35954,0.4677467
1237662695954907849,217.53409333633,31.7208868132189,7.357447,1.050781
1237680263996637312,351.627066319211,-6.91305935682244,27.91967,1.071735
1237654187635179953,174.969632862358,-1.08673116777311,27.92593,0.09202576
1237665427552797536,194.540282264624,28.6466079443006,7.359413,2.646545
1237660750333216315,66.374859721408,23.2293769310329,18.02122,2.067186
1237660750333216317,66.4431805335831,23.2507333308786,43.77424,0.6577129
1237660750333216318,66.3648643635622,23.1468988306092,106.7395,1.626036
1237651494678758406,112.910075721451,34.4372631840431,7.35901,1.725567
1237674893660323994,304.251543481667,29.8010687607543,19.31741,0.6572104
1237661351628440045,164.65920349998,54.5652605165126,7.359102,1.385859
1237661351628440047,164.602658444686,54.6750567048216,7.359102,1.209381
1237657584942449166,22.4772971181991,-0.974266493438665,7.359112,0.8009052
1237657584942449170,22.4781852047954,-0.867792931331546,7.359112,1.43998
1237667205668864757,71.3219668326809,56.9326237873156,11.30574,4.870277
1237661957218828953,193.623622471752,51.1025976067945,27.92143,1.148718
1237661957218828964,193.633364955213,51.1065829384785,7.359121,1.450804
1237661957218828971,193.62477016736,51.0009375968059,7.359121,0.864357
1237658222745289726,82.7601727458399,0.820475281535818,7.360177,1.110878
1237678845030237096,314.114835040024,5.2396743681539,5.411005,1.492683
1237678845030237097,314.114628693258,5.23844641370803,7.252904,1.42378
1237671930132890479,158.49054608808,8.12164409327116,7.357589,1.42061
1237651494678496299,112.428463724734,34.069147222367,7.359477,1.283358
1237662695954514838,216.558650942131,31.8812657383515,7.358984,0.3141804
1237657584942514679,22.5648179276439,-0.992151516013462,7.359138,4.16671
1237665427552469256,193.753519059931,28.8584183238921,68.31724,0.6290703
1237666300525085179,340.677483507606,-0.0314366440786887,18.01665,0.4620819
1237666300525085186,340.683336590537,-0.146850105963932,11.3046,0.06399536
1237666300525085195,340.688387804231,-0.193260014786967,7.358091,0.4325275
1237661351628505824,164.944311399602,54.5868907752627,7.35933,0.6463585
1237665427552469487,193.73143346405,28.727987067763,7.360333,0.647274
1237665427552469496,193.734080429724,28.7514518821563,18.02213,0.05714035
1237673708786222699,121.00312918748,-9.16837931880398,5.23325,1.730698
1237662695954579828,216.864803974874,31.975306675052,18.01702,-0.6523266
1237660191987598882,310.406437226044,-1.22210195918115,7.358652,1.813587
1237678845030238210,314.044234192169,5.16041072539475,11.30402,4.022583
1237678845030238212,314.033419600073,5.24183833609567,7.357713,1.196651
1237661351628570819,165.116952533462,54.6791674190032,5.62202,1.040834
1237645876861403262,336.88354114871,-0.971790059442778,27.91443,0.492897
1237662695954580431,216.752494289823,31.8972796247931,11.30483,1.157038
1237663889954242846,20.568805356473,-1.19972242057774,7.358817,-0.6619606
1237663889954242848,20.571084083693,-1.09959951991947,7.358817,-0.2328987
1237671930133020849,158.756187103683,8.0487269304542,258.3893,0.8128586
1237645876861403682,336.831659359575,-0.935698698207788,6.689381,1.43161
1237658222745355198,82.9087696783735,0.752430498442366,11.30409,3.638212
1237662305648116884,201.829885090108,40.5451867923896,7.359334,1.144272
1237662305648116904,201.885184021906,40.5676425900105,7.359334,0.3310242
1237678578742330359,329.155630222621,19.5639333962789,7.358742,0.2214851
1237680263996244856,350.659321442343,-6.97366233796432,11.30826,0.397049
1237680263996244860,350.665963624239,-6.90884691402956,7.360472,1.878424
1237680263996244870,350.67373948763,-6.90776692431817,11.30826,1.439257
1237668330950886261,212.337070877035,14.5947845313246,7.359778,0.9166126
1237656850502910033,343.857364687976,-0.900665692756547,6.405323,2.162468
1237669516361400602,344.66764006497,5.88878896862503,5.429354,0.5869312
1237669516361400607,344.673664888123,5.78781222488943,6.809492,1.205082
1237669516361400613,344.678456654832,5.78523747388436,7.358909,0.9117165
1237665427552535550,193.937528226854,28.7319801021729,7.360062,2.206491
1237657584942711027,22.9911084616115,-0.923136764093964,7.35664,0.5731125
1237657584942711029,22.9930981253173,-0.994920149842346,11.30237,0.8655758
1237657584942711031,22.9951657937207,-1.03968553106781,7.35664,1.324114
1237666300525216320,340.988030693357,-0.0461596059492845,7.354585,1.603725
1237679433441083690,351.604622355987,-3.63195613952767,7.425415,0.6461353
1237679433441083692,351.606393513369,-3.50363195255357,7.338556,0.6273785
1237654866228348297,118.583759181992,-1.92824557611998,7.358804,1.179293
1237661957219024992,194.525094027313,51.0404699081146,8.230771,0.8529196
1237663480321671818,308.602376275977,0.91791674720481,7.358078,2.058235
1237661957219025211,194.310115228719,51.0296401908159,7.36001,1.455898
1237667725360366020,82.8505026426853,8.46633643610892,5.91661,1.707947
1237654187634721058,173.887848284601,-1.12877274320931,7.35903,2.376625
1237654187634721059,173.887705264619,-1.13048521410687,11.30604,1.457563
1237654187634721067,173.906098374797,-1.12133372023457,7.35903,2.866171
1237650004325041054,326.493189434195,-1.1342525340518,7.359641,0.7015457
1237658222745421131,83.1259600461278,0.679872562025259,7.359212,1.823772
1237658222745421134,83.1319920367235,0.632251178413971,11.30632,1.470713
1237666209237107416,250.478368057194,28.6108132549991,7.361126,1.0331
1237663228530000653,247.722727236584,75.8915904067332,7.358634,1.080362
1237663228530000657,247.841122711761,75.8402283185731,7.358634,2.404322
1237663228530000661,247.969303845832,75.7850965817737,7.358634,0.9115524
1237666209237107545,250.37694723136,28.6157855176894,18.02408,0.9654694
1237666209237107546,250.37914802618,28.618457924005,5.509232,1.138039
1237679433441214471,351.911118936089,-3.6653549320157,27.92438,0.06794167
1237679433441214472,351.919929430987,-3.67040617219211,27.92438,1.660469
1237679433441214476,351.927728063202,-3.68655970833965,68.31322,0.9602699
1237679433441214485,351.913790406415,-3.54615690522233,28.17677,0.6699333
1237645876861599810,337.252226655134,-0.839125013197067,5.223332,0.5703239
1237668330951017190,212.645375323729,14.7228249577979,7.35941,2.193695
1237668330951017196,212.652763392917,14.7397807160077,7.35941,1.957983
1237668330951017207,212.639597681433,14.6268397116147,18.01987,1.789841
1237667725360431576,82.9086057871128,8.33967258161984,11.3081,-0.1200523
1237661957219090951,194.695538883476,50.9378772283855,5.516778,0.9274559
1237669516361466560,344.779860109478,5.83302685663962,7.358845,0.5780468
1237668647170343377,177.059174966936,20.7760745912454,5.227657,0.5606346
1237666492704555694,328.227625608188,-0.9528400414945,7.358632,1.462889
1237666300525281811,341.104200738421,-0.102787375462663,7.357898,-0.08558846
1237646798131823017,108.071480807023,0.832856100996704,8.965233,1.25561
1237669516361466693,344.694509755466,5.80918656069135,11.30575,3.866526
1237645876861600455,337.238611098384,-0.888538713671795,106.7121,1.251299
1237661957219091273,194.690801512646,50.8766311650673,7.360302,1.418198
1237656850503041549,344.274486229014,-0.982657435041729,7.357521,1.06522
1237668647170343700,176.99613827934,20.8534905444778,7.359027,0.6028595
1237668647170343719,177.065516756924,20.6829101410954,27.92108,0.4273529
1237650004325171339,326.769301804969,-1.22215227890577,7.359006,1.872192
1237668330951082620,212.732705738771,14.6537400282204,7.357886,3.633732
1237659234211660432,254.277159855572,-1.0207201687976,5.093371,1.395252
1237662695954841644,217.454053784119,31.7885461320357,27.91781,0.5469561
1237662695954841654,217.420056786867,31.8021821362416,106.7135,0.9580936
1237662695954841661,217.448731962902,31.793307860204,106.7135,-5.225176
1237645876861665704,337.409328749413,-0.855194202108191,7.356823,1.09763
1237645876861665718,337.418812624665,-0.966188158921293,7.356823,1.593906
1237658222745486790,83.1711270172783,0.729247728987757,27.92189,2.645899
1237658222745486799,83.1802315323559,0.676764878093863,7.359241,1.255116
1237662695954841957,217.364150524467,31.7064106712849,27.91781,0.5651112
1237662695954841976,217.393287112697,31.7351319708671,11.30471,1.648769
1237662695954841978,217.394006032964,31.7364502578621,11.30471,2.630259
1237669516361531805,344.976140166548,5.85995057484852,7.359078,1.400091
1237669516361531807,344.977695728813,5.84612794477772,7.359078,2.125166
1237661351628833145,166.037198939027,54.7633866444136,7.359041,0.8243771
1237657584942907800,23.5230514945496,-1.0430340860433,7.358491,0.9974823
1237657584942907812,23.5332614786902,-0.885043764331376,7.358491,0.4610863
1237657584942907819,23.5408406379939,-0.840673633056181,11.30521,-0.1169777
1237657584942907847,23.560128247944,-0.947679520124708,11.30521,2.350409
1237657584942907864,23.5662525376418,-0.961118894866066,11.30521,0.4983215
1237657584942907865,23.5672667156381,-0.841982472466237,7.358491,1.022316
1237663889954505108,21.1910308991733,-1.24730785213401,18.01768,1.255821
1237663889954505175,21.2356395491212,-1.11119158404722,7.358516,0.7001534
1237666209237238006,250.783401356224,28.4082673393549,27.91963,3.392891
1237663889954505199,21.2478289770385,-1.15767701043581,7.358516,0.7227421
1237660750333215950,66.3845709379536,23.1809359141803,11.30747,2.099936
1237660750333215965,66.2579674575624,23.1910977598476,7.359959,1.104725
1237661351628898351,166.394446346216,54.8080701741948,6.713381,0.7366285
1237668647170474694,177.425397183992,20.8540672296359,7.36012,1.20784
1237678845030369461,314.399823640125,5.31647239591111,18.01319,1.251827
1237660750333216098,66.4199455279621,23.2492692569919,18.02122,2.099737
1237660750333216107,66.4223118776947,23.2520439625688,27.92461,1.245895
1237645876861731306,337.537586430824,-0.895638825982769,7.357147,0.4018536
1237645876861731314,337.54323490626,-0.939409168772681,11.30315,0.5862637
1237662305648378625,202.621456196211,40.3640277120231,7.35908,0.5823841
1237662305648378633,202.651108244669,40.4627902772643,7.35908,0.4786243
1237650004325237697,327.048309919086,-1.11407230227823,68.30871,1.744534
1237668330951213596,213.104501511547,14.5421315496827,7.3583,0.8271427
1237668330951213631,213.127566204422,14.6010792729642,5.084543,1.900267
1237662695954907938,217.626047810733,31.741757354489,7.357447,3.632647
1237661351628963966,166.588959469093,54.8877858945223,5.811254,0.5474415
1237667205668995367,71.7257257579928,57.0295769407618,18.02094,0.8773632
1237666209237303821,250.933577145431,28.5035717409255,5.175968,0.6676941
1237667725359906935,82.8840665961662,9.5480752004646,5.463662,1.268936
1237663889954111631,20.3216448639078,-1.1023061715643,7.35916,1.501537
1237665427552403657,193.532228270169,28.8518230088776,6.931515,1.765894
1237651494678495443,112.519349665334,34.0276849107748,23.85374,0.6635389
1237651494678495445,112.512584098657,34.0266697393047,15.66436,0.3632355
1237651494678495448,112.511485239784,34.0288570316097,11.73359,0.06020355
1237666492704293170,327.568688384516,-1.03865869377441,6.491447,1.38653
1237660191987597604,310.394930171489,-1.13477028392723,5.715635,1.167764
1237664972285870629,232.744490667118,24.2847688809572,7.359538,2.063133
1237666209236910990,250.005524970979,28.7132783055644,7.358793,1.929426
1237678578742264739,329.025033953771,19.5903391541061,7.358767,0.7531548
1237654187634262444,172.876371962483,-1.03653737861539,43.7741,4.015331
1237654187634262462,172.88652635746,-1.03162874053899,27.92452,2.666157
1237668330950819867,212.129102129297,14.747524701434,6.698882,1.221781
1237657584942514922,22.6803605032893,-0.996332792162143,7.359138,2.872095
1237656850502779157,343.675843198779,-0.922907355571318,7.358258,0.5856552
1237654187634327967,172.988510828274,-1.03493642937831,27.92352,0.8783703
1237660750333019913,66.4207217088744,22.8226107083596,7.359955,0.4313641
1237646798131758684,108.008790147553,0.92520787246991,5.865479,1.226952
1237661351628505875,164.75643411412,54.5891123377641,11.3065,2.755224
1237662305648116097,201.765418224377,40.5821966511399,27.92224,0.2094021
1237671930132955788,158.552205972927,7.92085682259379,18.01706,1.164768
1237671930132955792,158.549682801523,7.99726799374317,7.35826,1.18928
1237662305648116105,201.757718685295,40.5418633003969,11.30651,0.52808
1237657584942580139,22.8276700170581,-1.0133618145153,7.359328,1.207949
1237663228529869347,246.921878180319,75.6157799050562,7.359879,0.5485001
1237657584942580349,22.752434158615,-1.02262251553435,7.359328,0.1481514
1237657584942580351,22.754268345643,-0.853563880258537,18.01967,1.272751
1237657584942580364,22.7832552509252,-0.981621211688058,7.359328,1.181335
1237661957218959368,194.132650767601,51.078126363942,12.46189,10.63111
1237661957218959369,194.129325062484,51.0818234667496,13.19473,2.007743
1237661957218959374,194.149424848113,51.0786237786443,7.359869,4.460224
1237661957218959375,194.116719557044,51.0858994254552,23.6157,0.6266479
1237655549129327679,238.750245122419,-0.963676110901373,11.30215,1.152819
1237680263996244700,350.665736369407,-7.01689088672813,7.360472,1.446882
1237680263996244702,350.67059533871,-6.89739651704658,7.360472,1.335709
1237656850502844927,343.841873055666,-0.915035954872388,7.358242,0.9818325
1237664972286067177,233.049466402546,23.9863882433086,7.359069,1.454647
1237673708786223700,121.030577661302,-9.24396527215612,7.360054,1.40028
1237654187634524293,173.459673587061,-1.03972104555161,6.465015,1.307213
1237667725360234620,82.8673302853267,8.76410035500573,43.76629,11.44411
1237673708786286638,121.141710415614,-9.15449063768099,15.98896,0.724966
1237657584942710857,22.9871168485951,-0.988422671353287,7.35664,1.662725
1237679433441018434,351.534928318988,-3.56458780456368,7.359715,0.3496742
1237667205668866962,71.2561315882244,56.7953281778871,27.92035,5.916672
1237650004324975395,326.394925442958,-1.0822509323133,11.30789,0.9729519
1237661957218960291,194.255134632431,51.0524006325022,11.30733,1.018873
1237661957218960307,194.261420364249,51.0219572386232,7.359869,2.030239
1237666300525216106,340.864140941581,-0.204934478369884,7.562305,0.4267139
1237666492704424957,327.950294267508,-1.03572289479658,27.92543,2.51675
1237666492704424959,327.952079751412,-1.00470755227307,68.31579,3.094954
1237666492704424962,327.956890447751,-0.936723552825745,7.360176,2.404911
1237661957218960476,194.266880916348,51.0474420495031,7.359869,1.77088
1237666492704489595,328.048885010301,-1.02380953624983,12.85105,0.4633007
1237668330950951518,212.474749005476,14.672291193364,18.02157,0.8404331
1237668330950951526,212.494150062375,14.7693836497971,7.360104,1.854496
1237654187634655382,173.724370404284,-0.958925579249661,7.360081,0.5234356
1237654187634655389,173.749491969669,-0.987396919127249,5.156425,0.1547527
1237654187634655393,173.762014526615,-1.01967194119483,5.591755,1.070971
1237654187634655394,173.771182544744,-1.11443010776536,7.360081,0.7750187
1237654187634655396,173.772967155362,-1.07483467450548,7.360081,1.352955
1237654187634655399,173.773877948447,-1.14764616342764,7.360081,0.2927799
1237654187634655403,173.78791765973,-1.12741099213079,7.360081,1.075842
1237654187634655410,173.642751413624,-0.971094522560266,7.360081,1.275755
1237664972286132941,233.259044846175,23.8447874334471,7.360419,2.382681
1237650004325040560,326.462194493951,-1.27056274762447,6.893877,1.248598
1237667725360366053,82.9036444463526,8.53019597485855,68.2971,0.4370842
1237667725360366056,82.9627477779783,8.52847467652257,11.30471,-2.829567
1237663228530000542,247.688747529593,75.716085559629,7.358634,1.600716
1237663889954374148,20.9645902030623,-1.16144790572804,7.357864,0.6402493
1237666492704490460,328.065010527026,-1.04890172728435,11.30381,0.9110947
1237666492704490461,328.065298616886,-1.00528160596567,11.30381,0.5287323
1237654187634786619,174.060235387266,-1.03818674162549,11.30703,2.693905
1237654187634786620,174.061716109911,-1.04779415875818,7.359676,1.265177
1237654187634786626,174.074013450676,-0.960581068524817,7.359676,0.7560425
1237667725360431450,82.9471069376306,8.31114211072323,6.383439,1.102432
1237661957219090474,194.726032921183,50.893577517804,27.92591,-0.9395199
1237661957219090488,194.764273874867,51.0092914184831,27.92591,1.48114
1237657584942776434,23.2578979431154,-0.955004639304043,5.716002,0.9819489
1237657584942776451,23.1364156825696,-0.860501145204239,7.35891,0.6675129
1237663889954374609,20.9198300648679,-1.19549230645122,11.30425,4.031797
1237678578742396186,329.312325778049,19.6566738394608,7.358953,2.34306
1237671930133152440,159.114484222055,8.08217306384162,7.359143,0.444458
1237671930133152451,159.11957293839,8.14176313731695,7.359143,0.1998768
1237678578742396420,329.33731797155,19.5980077452889,11.30592,0.07222748
1237668647170343399,177.0767092336,20.7229730010488,7.359027,0.4274273
1237668647170343408,177.078893748991,20.7770443790704,7.359027,0.3715649
1237661957219091041,194.753154026343,50.898777219455,5.293535,0.7436657
1237660750333150764,66.3930597708282,23.0469457852323,106.7212,0.7423038
1237660750333150774,66.3642035644008,23.0555297594882,68.30206,0.7280884
1237660750333150777,66.3484318516581,23.0582123047684,7.358697,0.5646763
1237663228530066136,248.427000759514,75.803354497377,7.358832,1.282389
1237663228530066144,248.208202901516,75.9169170159372,7.358832,1.378574
1237657584942777170,23.1883788018203,-0.964357424063157,18.01865,1.490582
1237657584942777176,23.2584125220692,-0.899215852964385,7.35891,0.8481121
1237650004325106631,326.640579730687,-1.07823854668234,27.92296,0.7725544
1237680263996441137,351.148871578932,-6.98144564850952,11.30694,1.140545
1237660750333214747,66.3928909827006,23.1506519225716,166.5376,7.545921
1237666492704555977,328.126734134546,-1.02814214795515,18.01797,2.098833
1237666492704620831,328.273439504555,-0.854436921408366,5.098448,1.268913
1237666209237173042,250.661096959199,28.5128445021042,7.360218,0.324789
1237663889954439870,21.0594469179775,-1.22944569209842,7.358235,1.242046
1237645876861665889,337.387771404877,-0.841262640189526,7.356823,0.8434334
1237645876861665898,337.391024826907,-1.02666395960694,18.01354,1.846159